Title,URL,Snippet
Artificial Intelligence (AI) in Healthcare & Medical Field,https://www.foreseemed.com/artificial-intelligence-in-healthcare,Healthcare AI systems can analyze patterns in a patient's medical history and current health data to predict potential health risks. This predictive capability ...
Artificial intelligence in healthcare: transforming the practice of ...,https://pmc.ncbi.nlm.nih.gov/articles/PMC8285156/,"AI is a powerful and disruptive area of computer science, with the potential to fundamentally transform the practice of medicine and the delivery of healthcare."
7 ways AI is transforming healthcare | World Economic Forum,https://www.weforum.org/stories/2025/08/ai-transforming-global-health/,"Aug 13, 2025 ... AI technologies are already helping doctors spot fractures, triage patients and detect early signs of disease. Yet healthcare is ""below average"" ..."
AI in Healthcare | Coursera,https://www.coursera.org/specializations/ai-healthcare,"In this specialization, we'll discuss the current and future applications of AI in healthcare with the goal of learning to bring AI technologies into the ..."
The potential for artificial intelligence in healthcare - PMC,https://pmc.ncbi.nlm.nih.gov/articles/PMC6616181/,"In this article, we describe both the potential that AI offers to automate aspects of care and some of the barriers to rapid implementation of AI in healthcare."
Health AI - Google AI,https://ai.google/health/,"AI has the potential to help save lives by transforming healthcare and medicine through the creation of more personalized, accessible and effective solutions."
AI in Healthcare: JHU AI Certificate Program for Healthcare ...,https://online.lifelonglearning.jhu.edu/jhu-ai-in-healthcare-certificate-program,"Learn to apply AI in healthcare for improved patient care, efficient workflows, and strategic outcomes. Earn a certificate from Johns Hopkins University."
How AI is transforming medicine — Harvard Gazette,https://news.harvard.edu/gazette/story/2025/03/how-ai-is-transforming-medicine-healthcare/,"Mar 20, 2025 ... One of the perceived benefits of employing AI in the clinic, of course, is to make doctors better the first time around. Greater, faster access ..."
AI in healthcare: The future of patient care and health management ...,https://mcpress.mayoclinic.org/healthy-aging/ai-in-healthcare-the-future-of-patient-care-and-health-management/,"Mar 27, 2024 ... AI can help people manage chronic illnesses themselves — think asthma, diabetes and high blood pressure — by connecting certain people with ..."
Revolutionizing healthcare: the role of artificial intelligence in clinical ...,https://bmcmededuc.biomedcentral.com/articles/10.1186/s12909-023-04698-z,"Sep 22, 2023 ... AI can be used to diagnose diseases, develop personalized treatment plans, and assist clinicians with decision-making. Rather than simply ..."
