Word,Count
pdf,27
1,353
4,343
3,317
0,1378
obj,183
type,179
page,25
parent,25
r,900
mediabox,26
612,50
00,159
792,50
resources,50
2,309
group,100
s,669
transparency,50
cs,34
devicergb,35
contents,25
endobj,183
filter,77
flatedecode,68
length,77
71,8
stream,77
x3r235w,25
t0pr0t,1
y,590
qc,13
p,866
j,563
1tpw,1
Ò¹,28
6f,6
endstream,77
5,310
6,279
73,13
2300p,24
Êt,24
1h,28
al,32
9k,28
h,693
_,308
c,618
7,290
8,320
x,669
9,292
10,4
d,549
11,4
12,3
t,535
13,7
annots,5
annot,56
subtype,105
link,56
rect,56
96,10
75,17
607,2
98,8
110,6
39,9
628,2
border,56
uri,112
javascript,56
20void,56
200,56
298,10
30,14
311,4
56,12
577,2
34,14
109,8
89,11
597,2
48,12
312,7
526,2
546,2
70,8
495,3
92,5
516,4
06,5
344,2
43,9
364,4
57,7
313,3
78,7
333,3
93,12
242,2
86,6
263,2
212,3
22,8
232,2
36,5
14,5
l,535
15,5
16,8
17,10
18,5
b,558
19,4
101,4
25,9
203,2
99,18
115,4
35,6
226,5
302,6
85,5
316,5
45,7
170,4
55,8
114,3
51,4
193,2
49,6
317,1
50,13
90,15
113,8
60,13
72,10
315,3
20,7
21,9
691,2
81,7
112,10
76,9
714,2
37,6
613,2
636,3
42,8
580,2
04,2
602,2
514,2
537,10
301,3
480,4
77,7
503,3
27,6
431,2
454,3
83,9
398,2
421,4
74,22
23,2
24,3
26,3
28,5
29,6
31,5
32,11
w,562
33,7
u,571
38,4
54,5
79,7
123,3
341,2
354,1
40,6
41,5
706,2
122,4
68,6
720,2
355,2
64,5
03,6
651,4
125,6
67,8
665,2
343,2
356,1
638,2
357,1
107,6
05,5
570,5
01,5
120,6
69,8
583,2
339,4
95,7
353,4
556,2
58,4
502,5
87,12
489,2
44,10
427,2
441,2
338,2
351,1
46,5
407,2
352,1
47,4
52,3
v,522
pages,2
kids,1
count,1
595,1
841,1
53,5
xobject,30
form,25
formtype,25
bbox,25
procset,26
text,26
extgstate,26
font,37
401,2
xt,9
kc1,1
È›gs8a,1
o,621
mko,1
y_r,1
ina,2
8ns,1
fe,12
q,612
yÈ«,1
wÃ¤,1
ß,1
5gwv,1
h16Óˆ,1
7jÈ“on,1
mo,7
mÑ¹Õ¤ej4,1
z,607
rb,5
bti,1
xdc,2
xy,6
íˆœp,1
cx,24
ni,9
msec8,1
i6c,1
Å¡xv,1
5k2p,1
n,758
g,578
2132,1
xyr,1
7w,5
px,9
k,553
f,585
c8Ø¯kek,1
2oo,1
ÅŸxyjo,1
i,651
oÄ³,1
ty,10
e,543
Õ¿,1
Å›,3
gkx,1
Ë6,1
ba,6
m1,4
m,573
yd,8
kc,9
dc8,1
o1,3
om,13
kl2zqe,1
iè»—6kb,1
È‹,4
vyİª89,1
Ç†,7
op,15
5vzd,1
0mk,1
rx,6
_m,5
fs,8
bcjvxm,1
e8,5
zp,8
gzd,1
n4,8
bv,15
th,10
É¯2h9,1
j99go9ä°»,1
Ê©v3am,1
7É,1
İ¢5,1
zl65,1
ssp,1
ÚÕ¼hv,1
r6,3
tkpkaÅ,1
pa,4
c_,8
ÑÚœuz,1
Ş›,1
la,9
uwasp,1
kt,9
xus,1
yow,1
yg,8
nh,11
Ï³,4
Ñ,2
mqp0e,1
ql,7
gecea,1
ve,6
wm,10
cj,3
p4gs,1
È“5ihtnxs,1
qy4æ¦‹,1
8iwÒ³,1
be,7
Å€,3
dnå˜¬o,1
pgd2qy,1
ux,9
f7Äº,1
É¿0p,1
gw,9
ß›,1
0Ã£p,1
yê”’,1
fzlb,1
0bn6qgd3,1
w_p,1
etr×—,1
eÄ,1
etÑ,1
kw,9
s×ªntzm,1
jo,11
po,8
bn,9
_t,6
ez,12
td,6
gf,12
hy5s,1
fwu,2
uu,11
ua,11
mn2,1
4b,6
yb,7
kciÃ³7,1
yin,1
Ï™,3
mp,11
yb7zk,1
2h,5
xelÈ¹n5,1
wdh,1
eg,9
bb3,1
ocs,2
0sepsf,1
9gb3,1
1o,7
hn,9
2È¡b,1
vw,15
Ö†f,1
zdt,1
yr,4
è€2Ş‡Ğ±4Ç,1
kgrnb,1
i6,6
e0qÙ¼aÓb,1
nhwh,1
aw5u,1
etm,1
ealyil4dq,1
f7,3
1sdf,1
zn,7
xlp,1
é¶Ÿbf,1
Õ¤hw,1
Ô™,2
5yr,1
ktt,1
sx,5
dä’ŒziÈ³ß‡,1
y6,3
_fic,1
kcmtm,1
ì¡¡dj,1
j8,11
iÒ±,1
plo,1
59,4
61,4
5012,1
Ç’,4
wË®,1
Ê¤d,1
pf,9
oq,15
pzjwgo,1
Ï«,4
sr,9
p4v,1
x7,4
qbk,1
lwzvx1lw,1
dy,9
orp,1
eb,8
n3f,2
x4j,1
Ú‹,1
é½§,1
j_,3
iqyaz,1
cw,10
ow,13
enêš•m,1
t3d,1
9_×¤,1
ou,14
5Ù¤,1
zce,1
gum,1
yÇ¹,1
7l,7
k0a,1
df7v2p7,1
qm5,1
y3b,1
wÍ½,1
n8v,2
ÑŠyw,1
cv,11
Ò63,1
zg,11
ykn,1
fê¥,1
zf,7
cop,1
xj,11
ag,6
f8,6
ek,9
fÑšj,1
3r0,1
3g,6
lwÚ„,1
6n,4
lu,12
bo,10
1Ê¬bk,1
wp,9
Ñ©,4
ÆšÑ›dÒ±q,1
d1,6
gÔ£j,1
ÊºÔ™,1
st,7
iwz,2
Ï¸g,1
fÎ»,1
o88,1
va0_x,1
_Ôzr,1
oic,1
kxj,1
ijxeyuukv,1
na,12
7m,8
dm1,1
4x,7
Ï¸l,1
fÚ¿,1
6fe,1
xèœ¢f,1
wh2n,1
Ñrii,1
z_qÇ¥,1
Ê¤,2
hÜŸo,1
ë”º2,1
oc3dz9v,1
ye,11
1İ•,1
İ–_,1
İ°kjp,1
6b,3
Ã ,4
İ˜q,1
k4,5
ac,10
j5,3
doi,1
av,4
qw,9
Ñ‹,6
ktav,1
od,8
2z6e,1
ra,10
ca,8
ëª£m,1
so,5
ä§´Ñ§8Ö€,1
w7,2
tx,9
8uq,1
e5hqxj,1
hu,9
cu,10
ly,10
qÑ,1
np,8
ëŠš,1
jdi,2
h9,2
t_,4
xe6,1
k2dz,1
_e,6
ru,7
kr,10
ß”,2
ihss,1
pe,11
lz,12
amzv,1
74m_5,1
yÄƒ,1
mv,8
skkd,1
gm1,1
Îµ,2
66,4
ik8h,1
dhpl,1
fÚ©,1
w9l,1
5qu,1
4jq,1
áˆ­ag,1
nv,8
cb,7
8hj,1
n21,1
8t,6
pm,7
cd,8
peyÃ´ob,1
ti,10
ao6,1
1h3,1
u5m,1
sw4,1
xk3Ç³,1
zh,12
lwd36p,1
sf,11
6sti,1
j26esm,1
yuiÏ³,1
1a,11
jr,12
o18,1
_i,7
mkyÅºt,1
eq,7
8vcsÉ©,1
İ²,1
gd,6
oragt4t,1
ww,9
Ä“,4
Ø­x,1
ff,17
xfm,1
İ”oq,1
Ò•È±,1
uib,1
bz,8
ttusv_,1
Ö‚l,1
dx8,1
Û€j,1
3nsÜ ,1
İ¢c,1
rmz,1
blllj,1
f2Äµ,1
rÔ“lu,1
ka2,2
5jwq,1
fÄ•,1
te,5
mwd7,1
zv,11
Û„q,1
rt,6
7ÇŸw_q5,1
1Ğ±,1
8s,3
r0,3
Ğ²u,1
nßŒlÉ¹,1
mi9trnØ¼,1
poc2,1
uq,6
onlf,1
bogjm,1
ww9,1
46qÊƒ,1
Õ©,2
gqly,1
nfdÚ°Ç³,1
euv,1
i8l,1
luk,2
qz,12
fpjm97,1
eiy,1
zhn,1
Ç‚,3
dg,5
w1,7
Ê©,1
2ycİ›,1
j3i,1
migzkz,1
iy,9
İ›y,1
wngk8m,1
sfij5hu1,1
m1Å·,1
7x,2
Ó³xÊ®,1
abisaÖƒjv,1
ã³€m,1
gn,7
oyr,1
6g,4
Ó¡qxy,1
if,12
vÑ½,2
Úc,1
gi,11
nta,1
ll,5
jí‹£5j,1
É‰,4
wÆ¡,1
É£wzf,1
Û“,2
nz,10
kux,1
Ñˆ,7
ed,6
rg,11
je,11
ä†ˆ,1
djt,1
6q7lr,1
ß,1
3wÃ¤f,1
i4kw,1
qqqc,1
cru0,1
fn,24
dv,6
zc,8
mk,10
xsÈ£sİ£,1
dĞµcdlyio6,1
5_in,1
q6xv,1
ç¤¯rn9,1
9n,4
Æ´,1
hÆ»Ô—iu,1
dh,10
2yeÓ•,1
ÏŠ,1
yi,14
kb,10
bxln,1
nic8,1
h7vq,1
zØ¦ic,1
qnmmnqt9ws,1
Ó­f,1
nr,11
zmÙ‰rqblbl6,1
rn,5
odr,1
yx,5
7Î¶k2,1
iw,12
rj,13
mf,8
vd,9
tpŞ,1
Î¸9w,1
Ø¿1,1
ey,12
jyer,1
3e_,2
È…4t,1
xx,13
b5tmbß‚f4,1
2j,7
lyj,1
w2,4
zo,11
oa,7
f4tu,1
wc,11
Ò­,4
Õ¶c,1
7lpx,1
Å¼tjt,1
_Äµtu,1
wt,11
fz,11
fkv,1
za,6
sÅ•e,1
4g,4
Ê‰,2
_z,8
yv29,1
rpÆ¹Ê·,1
62,3
63,4
4955,1
É­,1
×¯,2
uvjrw,1
qh,7
z_,7
88,6
u7aqwo,1
gt,7
wh,11
qj9m,1
Ç£,4
Ê”,2
Ã¨Æº,2
Úx,1
xt6a,1
__9lw,1
ib,13
gqpc,1
qv,8
Òa,1
tw,12
m8,4
Ñšcx8,1
fse,1
gu,7
ko,17
y3,5
by4,1
a3mhu,1
Ş‚,4
1n,5
87a,1
ÓŸ_,2
tg,4
Ù±,2
f0,4
_nÒ½at,1
1s,5
u3w0avl,1
ipd,1
pi,7
lst,2
ze,11
__qj,1
zr,6
wf,10
qu,10
rbs,2
Ñ«f,1
bgi,1
by2,1
qİ n,1
4m,5
6qu7o1f,1
ex,11
Î²qv,1
uË¢z,1
vtti,1
Ñ£,4
6ê±¸,1
qr,7
lsÍ»yn,1
zkkk,2
0o,4
Ş—y,1
Êƒ8,1
fg,12
up3,1
pq,11
Ù,1
gp,7
Å‚rr,1
Èvyn,1
af,7
pzqo,1
8z,3
dwdu,1
sox,1
e1Ê€,1
Æ¨f,1
auga,1
fb,12
z2jh3u7,1
i9,2
daly2e8,1
Æ´rmÃªh,1
xc,18
ns2fjdd,1
lmi,2
vz,14
wã»’,1
rv,8
iq,8
æ·›,1
hÚ¨yb,1
lnn,1
Ò‹dq,1
ur4,1
ztk,1
119,3
kgh,1
Äµ,3
vb,10
Ê²5,1
uh,12
Ğ½,1
_4sbf,1
ten_,1
vwv,1
jhØº,1
ee,6
kf,2
x1t,1
à¡µ,1
o0,6
p30s,1
6v,5
5iá,1
qfmjj,1
f47,1
tvyp,1
Ç³jh,1
7dqh,1
1mq,1
1n57,1
dnß¦,1
_f,5
lf1b,1
09y,1
xqm,1
bp4,1
d9e,1
bqds,1
t2,8
rs,9
ryd,1
r2qsfv,1
kÄ‡fh,1
dxr,2
Ş‚jxkmhu7,1
Å«,3
z0s,1
w2b,1
wk,10
et,5
7tax,1
x7lx,1
fntca,1
qbu5_,1
Ò»,1
i2z,1
zkad4o_,1
7ev,1
lwdÒ¡v,1
9t,7
mn0,1
pß¦,1
y8e,1
lhb6,1
ÇœÏƒ,1
Ã¨h,1
Õ´,3
at0,1
vÃ§,1
c8lz9,1
fc,10
Æ5,1
xi,4
o4,8
m70,1
tj,11
e1,5
xq,9
uè¿§7,1
ÄŸ,3
jaecix,1
Ç¿,4
t1,3
6xdë•,1
6ei,1
ê­Š,1
mtbbi,1
ctg,1
2hdsíŠ‘c,1
ynh,1
s606,1
j0,9
li,7
ay,5
sm0,1
Ø¦,1
rzÄ¯w,1
kj,11
jue2op,1
mtì’,1
kte,2
rjr,2
pcb,1
× vx,1
zpet,1
9l6,1
dca,1
j3Ü“,1
iz,11
trÅ†wb,1
qyÏ0Ãº,1
2n,7
Î·,2
5ma,1
whyo,1
xlt,1
gÜ«Ú©u,1
Ê€p,1
2u,3
3pj,1
rh,12
Ö†Ô¡,1
wej,1
b2,4
j2,7
4knt1,1
amjŞ¤Õ l9q,1
å€³y7n,1
w9,4
yy,12
É‚4yd,1
wqw2,1
he7,1
x7dŞw,1
bg,5
pd,10
12r,1
0j,1
c7,7
smmrync,1
Ü—,1
6xsÏ†,1
wal,1
me,10
il,9
uo,12
ons,1
mÃ³,1
Ä³,7
rdf,1
j6,7
è‘·,1
Ó³,2
wÈ¯,1
Ñ«d,1
jj,8
hvc,1
rÑ£z,1
jvk,1
z5hf9,1
6x,4
g1b,1
neln,1
xo,13
xj5,1
vq,10
Ú¥,3
Ó,4
Ó»x,1
qp7r9n,1
sw,5
Åzai,1
È´,3
gtb,2
_d,5
É£am,1
gÏŸ,1
eÓ³,1
roo,1
1j,6
eÂª,1
6zc,1
Ğ·,3
ig,9
hmtx,1
ntx,1
4h,10
ykt,1
×Ÿq,1
ja,7
Ï¥pmk,1
q6c,1
xf,4
rdvx,1
Õ»rm,1
kphw,1
upnvĞ³,1
kvc,1
z6qp,1
mÒ©r,1
8pj,1
ckjr,1
6r,3
Í½,2
km,8
gc,16
pwt,2
É—hvw3,1
9p,12
hetÇ¯v4,1
muvw,1
zvÕ³m,1
fhgf_p3,1
04o,1
2ntak,1
xik,1
é‘Ÿt,1
g4c,1
m6,4
kcu,1
9e,4
6s,5
65,3
7393,1
qä¶,1
ujg,1
rØ±,1
ã™İ½Ä¼,1
gom,1
Ç«,5
È§,3
ë«Ÿn,1
hdnnn,1
ccÇ©3ssu,1
no7w__stÑ7,1
inÄÑ–i,1
qmlßœ_,1
4i,5
8a,26
y9y,1
m4,5
jn,14
fm,10
nssw,1
×¤,2
í‡¯,1
ct,6
oã¿»z,1
2xd,1
idmg,1
ß§1m,1
sz,14
xg,14
Ò¡4,1
É˜nd6,1
mz,6
azwvv,1
Û»9z,1
ß¢y3,1
lzum,1
7Ãµ,1
6o,8
88kt,1
pØ½rb,1
È¡a6,1
u5g5,1
Ê¶eÑ»,1
Ñ³m,1
yaq,1
Ó«0nÚ,1
mob,2
f1,5
2Í»m,1
bkf,1
ykk2r6,1
k_,5
7i,4
t8czz,1
uhwv_,1
n_,5
İ¼,5
wÏ§8,1
rg04x5,1
wig,1
ej,7
nÊ–,1
d8vly,1
nddu,1
qgn,1
Ä—,4
ß§fs,1
m8xj8,1
l01c,1
pkm,1
Ët,1
ioe,1
4u,5
co,3
locbiß,1
wo,7
Û»,2
nÎ·zc,1
ck,7
ß91,1
Ç,2
ax,7
8t9,1
Ú¯gt,1
Ç–,2
dqØ½6s,1
Ä±É›,1
rvq,1
1xzh,1
p17,1
xrrmgÆ™,1
sji,1
9c,4
ynqvs,1
ad,11
Ú¶om,1
Ï“,3
tf,6
l1e,1
Ä‡8,1
hbn,1
he7yÄ‡ni,1
er,9
s52,1
17bq,1
aÒ¡,1
xtr,1
Ò0Õ§t,1
rÆ¡Êƒs,1
tji,1
Ä­,2
kl,10
ekg,1
lr0,1
pspb,1
pÑ,1
wy,18
É£oc,1
èš»,1
ah,7
Ñ,8
9ni,1
ŞŠ,2
ueu,1
ë•‡,1
l6x,1
hb,5
xã»°,1
0gc,1
sÅ“z,1
fbsgj,1
Å—hn,1
yl,6
kz,9
zgcbri,1
vgw,1
pĞ»y,1
3f,7
ÏŸ,3
oy,10
6lqj,1
sq,5
ot7d,1
smss,1
eh,15
6ii,1
gzqi,1
zrn,1
Şƒs,1
qut,1
8kc,1
9a,5
qtwe,1
10joa,1
s1f,1
Ê¤x,1
vpdp,1
pzag,1
agb,1
cr,7
Ûƒ,4
eao,1
ßƒÄ‡t,1
5h,6
Ç¥,5
rh4,1
Ñ†,2
ue,8
io,8
fÓÃ¯,1
bj,5
yt,8
yq,10
4vj,1
mze,1
db,7
tgzuj4,1
éµ’c,1
Ê”p,1
yioİ•,1
wwÏ³,1
hwc,1
oc,12
9tn,1
1b,8
qw47,1
ml,5
ym,8
co0,1
l5,4
9xq,1
fk,12
an_uyŞ•,1
Æ•0von,1
å˜“s,1
7a,4
qd,5
Ú…,2
hon2,1
cyj,1
qyg_,1
Ä™s,1
1Ç¥,1
ë·,1
dtu,1
a5,7
m2Óµ,1
m0sh,1
È›,6
wpz,2
9x,3
l7t,1
nxv,1
Ó—,3
du,7
Ú¯,3
1y,4
z0,9
Æ«f7,1
41lw,1
iz1,1
r5,7
xry,1
ap,4
lx×›h,1
zè¡qĞ±d,1
É,2
eç¤•ei,1
Æ¹Ë‘,1
aÄ³i,1
szi9gyxi,1
5cx,1
ii,14
Ô¡s,1
1d,5
İ‘u,1
Ã¼,6
6ppq,1
Ã§a5,1
vu,7
ßŒ,3
8t6,1
éŒ¤z,1
w3,6
iyc,1
ÓŒ,3
Ç,5
xb,6
lxi,1
_okrØ§f0,1
bwyjmq,1
Û¸_,1
aê…¬,1
hr,8
ch,13
Æ•9,1
b2d,1
jnä•œ,1
tbn,1
_Ë×£,1
Ã§lce,1
nyv,1
a3,6
é¬‡u,1
d0vt,1
hz,11
Ş–n,1
lzx,1
xbc,1
4tk,1
ri,11
jz,7
xw,8
cm0g,1
eq9,1
uzÚ¦a,1
Å¯rib,1
fta,1
rzl,1
ldam,1
z1,3
vÚ¡,1
rsk,1
Î²,2
aejÃ ,1
i1,5
ilg,1
ibzg0_,1
yyx,1
d2fd2,1
hÍ±,1
ryf,1
nnÆ°,1
jt,6
lk,8
z2,5
vcx,2
i_tpf,1
_q,4
ind,1
nn,14
oeÉpyh,1
lvs,1
Ç°,1
Å‘,3
gty,1
Ñ…7hcc,1
3tl6bzxÑ‹Ä“h,1
s4,1
oyj,1
nİ²,1
fÒ©b3å¶x,1
mkr,1
myÜ¤ynu,1
0kdfÙ²,1
0c,3
djrz59,1
mn,7
3xgw,1
bĞ·,1
3i,4
ptvoz,1
ymj,1
93z,1
0_,5
Ò•,3
v3,6
Ò©,9
xlh,1
zl,6
vÅ„_,1
gÑ‰,1
që,1
bbvq,1
df,8
ß˜,1
a1y,1
eÄ™vdv,1
u4d,1
cy,5
t6,7
ar7,1
y46,1
iå²›,1
btieu,1
y4,3
jw,8
y5,2
ibzcv,1
0f,4
qda,2
zi,9
_kh,1
sbwkj6Ê®,1
wfwf,1
nd_t,1
m5b_a8,1
sc,7
æ‡—,1
aaqaoemio,1
pvq,1
de,7
dl,4
3fk,1
Ã¿,2
lc,10
ã’»f,1
Ñœf,1
dÆ…yÊ¸,1
icÓ“tw,1
É‡8i,1
ot,5
ã‘šeic,1
wn1f,1
Ä¸p,1
È©0kdÆ…Ù²Ê¸h,1
2yra,1
dsw4x,1
8dyw,1
wadkt,1
qÄ¯,1
Î¯,2
cvŞ…,1
wwf,1
x_v,1
wu,9
3fz,1
Î¯d_t,1
kÎ¯,1
Ê¾,1
wbÒ«,1
wx,6
_c,4
iÈ¯dd,1
kd,9
15äˆ¨,1
_7b,1
9b,4
wva,1
udd,1
Ä“guwx,1
hxnk,1
fu,6
b7,4
yeu,1
äƒ›,1
mj,10
ub7oz,1
ygun,1
2xkja,1
uÜ,1
xd,6
yqh,1
2daÄ³,1
70Î¸,1
gea,1
id,6
Ê¶81vv,1
İ’Ş—n,1
Ş‡o,1
bopÄ£,1
pah,1
rÃ y,1
xÒ½Ë,1
ha,9
agæ‡—É²,1
cc,8
ulde,1
Û¿rj,1
j9,4
udde,1
zun,1
tm,11
m5krÒ³i,1
xp,14
hj,10
xjİ¤s,1
Ã¶dn,1
r7naÖˆt,1
enh,1
rw,7
lb,8
5y,7
bih6ya5bih4,1
yifel2,1
mrk,2
4o,3
qjxy1,1
Èph,1
mrÉ£c,1
6kiÓ¹fil,1
m_gf,1
__5,1
5166,1
k8reÃ¬,1
vv,7
Ã±v,1
gv,14
jvvè ª,1
flz,1
ali,2
g8,5
Ã¾,3
ang,1
pvih9,1
6ik,2
ÊªÊŒa,1
qaj7x1,1
0b,5
İ¤0Ï“g,1
mÕ§lkk,1
02,3
bh,6
_Õ¤,1
ê»œ,1
ou__b,1
z8,4
Ê“,1
Å¥el,1
qy,7
Ë£,1
o6Ç,1
jf6k,1
kn,11
dtgs,1
slz,1
clmn,1
bu,8
jfÃµt,1
ul0c,1
stvg,1
uopt,1
98tjvr,1
rÏ‡,1
hq,8
yab,1
bb,7
jxt,1
uwÇ¯,1
x0,7
yxgsa,1
rxxg,1
yh,13
23p,1
É™u,1
fkf,1
fl,10
ph,14
ip,8
Ñ•uÃº,1
h0,6
9o,5
xäŒ†,1
v7r,1
fÏ_,1
qs,9
rmb9,1
ebtqswi,1
rstdugvjÕ­xnn,1
kp,14
ecuu,1
dike,1
lbb,1
rrsfo,1
ê™Ÿisf,1
ob,8
4ic,1
mt2,1
Ä‹,3
Ï›È‰1,1
a2h,1
vy,10
ei,7
rpu,1
7wr,1
Õ¶grx,1
rttcf,1
İªw,1
y1ed,1
mhur,1
tk,8
uÉ—,1
r3,2
g0,5
Â¹sou,1
x8wqa,1
eoa,1
gk,12
ezu,1
dgq,1
exd,1
gj,11
yÄ«,1
zy,7
mc4b,1
ÑŠhqfh0,1
vgh,1
Ú«ohhu,1
pon,1
ild,2
hĞ¶Õ¸,1
pw_jd,1
lw_,1
k1x,1
dß§,1
jk,11
z5,4
ug,5
xİœ_v3,1
tyfm0,1
llk,1
Õ¯,4
Õ§sqzw,1
Ò·,2
2tg4n,1
zs,7
wn,10
dstq,1
qzu8,1
q2qhe6ç s,1
lr,5
Ï™r,2
lg,11
urg,1
opgeb,1
yÄ·,1
fie,1
ljtm,1
at,5
ga,6
5te,1
Ò§,3
qhÕª,1
x2,8
rjhbx,1
uui2x,1
0qz,1
8p,8
ã‘¢,1
uer2,1
uuiv,1
cdtq,1
zb,7
dìœš,1
ysel,1
æ†¹qr,1
Ó¥9e,1
ih,6
5b,6
bbqsr21,1
8i2,1
7z,2
yheqd,1
Ç³o,1
au,7
vghu7n,1
Ç¡ue,1
dd,8
qw7qy,1
2ln4,1
spy,2
Ó„voÑ—,1
ggg,1
Şvyjxh,1
Ä™tf,1
v3r,1
e7,8
Ã³,3
Å«0f,1
okhx,1
dÏ›3,1
Ù¦,2
Ü¯,3
0lp,1
vh,10
Ô—,5
os,6
fh,8
tiÛ‹b,1
yca,1
e9Ö‡,1
İ•,1
2l,3
xÒszi,1
ivgpiz,1
r6i,1
7lm8,1
zÑ†ye2,1
Ä5wgk9jx,1
klm9,1
0qeh2ld,1
wd,9
Ú½xb,1
sj,10
hiÏ‘j,1
Õº,3
um,6
È¹,3
6Õ¹,1
rf,5
lhiq,1
b4,10
sÎ¿cxİ·igs,1
ojfisv,1
fd,7
nÊ¸,1
ce,8
zÉ±,1
ws,7
Ä©,1
jrs,1
Åºy,1
oi,11
wp1bkokpv05,1
nuw,1
cp,13
yu,8
Õ£,3
hh,10
bzytl,1
Òfg,1
mm,11
buvfb,1
rtq,1
huu,1
vtm,1
ë“mslÊƒ,1
fd9,1
fmÈ¹8,1
k8,6
hcu,1
İšÃ a,1
yÑ’,1
kg,10
d9,3
jÔ‰,2
xms,1
bq,11
yf,10
v4,6
ruzj,1
dÓ‚r,1
ë°ªe,1
qjÇ¹,1
92mv,1
mzqxÅ,1
sok,1
acz9,1
gta,1
lhelß™k,1
9Î¾zpgcr,1
0z,4
tucxkf,1
dxlv,1
rdzi,1
Õ²,4
Çh,1
u2hz,1
pØ¾xÄ•,1
ßvÈ­cw,1
zahwm,1
dyÔŸuh8wv,1
bÔ­,1
6bqbÊ¬,1
É–y,1
ys,15
azgÈ‰y,1
cyu,1
agxw0×™wr0c,1
hgp,1
Õ®,3
Ê·kw,1
aq,26
İº,2
am,10
ypv,1
ruh,1
mw,7
yui,1
Úº,3
vé’‘,1
Äº,1
kİ§,1
ab,12
edjhkbge,1
jh,11
vë£™tl0,1
jÔ‹hvsg,1
É–,1
Õ¡nheufvyq,1
Ù³ä‘¢,1
cÕ±4Û•v,1
sh,9
Õ™1u,1
4ibsirx,1
enjÓ¹a,1
oq9,1
zot,1
4Ú,1
pmivi,1
Ãª,4
6006,1
evi,1
ÆšdÕ™,1
İ¬,1
auÔ‹,1
dstr,1
hzuo,1
ci,11
mr9zzx,1
6bj,1
ucl,1
Î¹,4
r8,32
Ú«,1
uaw2,1
ãƒ“,1
jh6d,1
in8Şa,1
oki,1
9_dm,1
ok,9
èš®,1
xŞ™,1
Ë£9,1
9v3,1
aÎ¸,1
Ú¨,1
6dn,1
_åŸ,1
fj,6
u9,4
kx_,1
yËpzlhl,1
mipdb,1
6g1fb,1
Ã»,1
_7_,1
aÃ¤,1
É¼ez8,1
zm,8
lc6,1
ç¤©p,1
zit,1
dnour,1
nu,12
Ï•e,1
_7,5
nm_íŒ¹osdm,1
n5,5
s4g05,1
lp,14
eooo,1
fï»‰,1
6ê©0w9,1
Ü™,2
qkxje6,1
9cvp,1
ajf,1
Ãªa,1
liq,1
f2,4
9ao,1
f1lyÉ•l,1
sfæ’œÃ¡,1
É°y,1
m3d3r,1
tsjqb6,1
2jÃµug,1
dru,1
zxm,1
5lz8,1
dua,1
rm9,1
aovl,1
c5af,1
286lyh,1
u6l,1
Ù€0,1
Û‡,1
2nÅ©ryi4,1
mcuÊ¤,1
bk,3
l6Ï6,1
_Æ°,1
oh1hebd,1
ir,11
8_v,1
do,7
2e,8
ya,9
zu,5
a9,8
gyo,1
eq3onk,1
oÊ¿z,1
1hd,1
n8i,2
jhn,1
ago,1
yc,11
uÈ,1
pÒ·i,1
iÚœh,1
lei,1
xÈ•,1
mk11nx,1
ckn,1
b_,4
bzth,1
botkt,1
4d,4
È±,1
7gnb,1
cÉ’,1
ss,11
Ğº,5
ed8,1
cÃ½,1
og,12
Ä‡,1
xng,1
Ï±,1
zihg,1
Ê™,1
Ù»,1
jç‡¢,1
gg,8
jkfy,1
gÓo,1
do9,1
7hŞc,1
x7u,1
gqa,1
s4f,1
fkt1,1
7uu,1
nx,9
è,1
dä‚Š,1
jxcbo,1
5È¥,1
6u,1
kee2o,1
_u,5
8Ş—,1
hf,9
dx,7
Â²nj,1
q1,5
0xht,1
m2,5
hÅ±wpv,1
vcf,1
uz,6
Éš,2
kva,1
0h,5
qq,7
yoj9,1
smn,1
swh,1
azoz,1
ea,15
1æ”­u,1
jnys,1
b2b,1
Ø 0,1
9ud,1
5Å‘,1
osa9Ä¡1,1
ßwz,1
ndda,1
0cd,1
Ã­,3
rdz,1
vxb,1
Æ¶,1
frkk,1
Û¦,1
c3m,1
ßµx,1
vf,13
và¬¤,1
clÉ«,1
3yp,2
qb,8
hydx1,1
chqkpg,1
zq1kÇƒhs,1
diuflb,1
esyi,1
tno,1
l6,6
su6,1
d_,5
Ä«3gig9l,1
È­fulnfwp,1
teÊ½8,1
eym,1
wy8,1
ig5,1
iqeo,1
Ã¬,1
gÄ‰j,1
Å¯,2
k2,6
wxdxy,1
vgya,1
5xsx,1
qew,2
Õ™7,1
f_nÊŒ,1
pqjb,1
73n,1
mlÏl,1
ğ£¹†,1
dk,4
mlh,2
bÆ«9,1
ã²Œ,1
hw5w,1
Ô5,1
gybm,1
ÆŒx,1
nqqz,1
Ñ¡x,1
Ä‹ej,1
kk,6
un0,1
bdm,1
Ã¼lr,1
xmkt,1
0qetwa,1
vps,1
Õ§z,1
h9z,1
hd,9
g2,5
cg,6
gÎ»,1
zqt,3
es,11
Ñš,3
Ò³,5
mÇš,1
rÉ›,1
cex,1
k9İ™,1
z9u,1
ouİ¼,1
5ym,1
xym,1
l_,3
mgxl,1
x4o,2
Æ°,2
o7xm,1
f7z,1
hoozr,1
É—8pt,1
ÇŒbzazo54,1
vc,10
5dn4o,1
8x,4
ylÕ£,1
vdchwu,1
Ô‘,2
_r,8
5i,4
_ulwhk,1
è¸º,1
6dm,1
Ô…,2
gntx,1
ä¬ºr,1
oni,1
l_t,1
ewq,1
Æ¡p,1
ca1v,1
ç£,1
3ewc,1
we,4
Æ½,3
wìœ–ab,1
_k,3
kry2,1
0rf,1
fiw,1
67i,1
tyh,1
pebe,1
sb,7
Ïd,1
ubx,2
Ú’,2
È“_,1
pvb90j,1
addx,1
1k,3
vi,10
fql,1
em,8
3Ñ­u,1
yog,1
sã›‰c,1
fp,9
x2786,1
vt,5
pk5o,1
kzÄºpts1,1
us,3
7È­gtudusc,1
1f,3
1r7,1
ldj1,1
qgg,1
ji,5
Û²or,1
bc,11
zß¨,1
8y,4
lszcjw,1
mÇ«Å‘,1
a1Æ´ÓˆÒ»n,1
0ie,1
u0,3
rÊ¯o,1
Ïµt,1
Æº,4
å£¸fl,1
ipegt,1
mÈ…,1
s5ec,1
0r,3
Ï‘uÊmÉ¾o,1
4729,1
ç¯˜,1
uÕ·j,1
brf,2
sfÏ«,1
Ê˜,1
Ş,1
7pá¢›vu,1
tt,4
9r,7
bqÄ,1
lnh5,1
rh0y,1
Ú—,2
8ni,1
boqßµ_,1
hii,2
iiz,1
dc7Æšd2e,1
py,3
9trn2lg,1
en,5
ÙŠ,2
hi,5
21x,1
_g,8
hvy,1
aegcÇŸq,1
sv,6
Ñ,1
2f,4
xŞƒ,1
o6,5
zdbÉ¤w0,1
ß•wÙ¸uy,1
Ë†r,1
lÓ¹,1
80w,1
pan,1
Ó»,1
3j,3
Ó¿,8
Ñ‘p,2
mä¢†,1
3gmm,1
qÆˆ,1
uÑŒe,1
Õµ,2
9s,5
Û¶,3
bb3_oz4w,1
r5ui,1
qe,10
woa,1
dç™Ÿ,1
aucwf,1
Ş¢Ö‡f,1
tÍ½Ş‰x,1
3ie,1
z7,7
ix,12
Ú,1
Ô£t,1
jpz6,1
i0b,1
iqox,1
ro,8
w4,7
Æº2,1
d7,3
c2,6
Ã¼t,1
e4c,1
s69Ï,1
hjxy,1
zfr0,1
gb,7
Ô…av2,1
_n,7
biÔ§,1
uny,1
kbjx,1
Ğ¼pÄ­,1
iv,6
it,4
xh,10
0y,5
ld,5
fosnfr,1
vvy,1
8f,4
k3,7
p_b,1
mr,7
dÅ,1
vwa,1
wm7y,1
ã˜v9,1
rvdw,1
rlcç°”,1
dtg,1
È,2
8r,3
1yw,2
Ü£,1
Ò“s6,1
tÏŸ,1
oh,10
ch9n,1
hp,11
8h,2
cifo,1
Ô,1
xih,1
olny,1
q9l,1
qp,12
huzus6x,1
ÈƒkŞ5,1
he,8
zbsal,1
pv3,1
z81,1
y5x,1
wq,8
lteÙ¶c,1
63d,1
mqbİ·na4,1
3v,3
grist,1
Ñ•ea_h,1
xmjx,1
6wi,1
j3t,1
3o,7
Ú,2
xuut,1
ur_sd,1
7yd,1
xwb,1
vyk,1
6Ã«s,1
ia,9
Ş‘p,1
bÇ¥,1
nf,5
pcl,1
aÛ»k,1
ÓŠ,2
ls,10
Ïˆi,1
Õ¼wmdÕ¿,1
Ó­Öƒ,1
o5,2
kq,13
6Ò•,1
x9v,1
5d,2
Şbbafa,1
_1,3
Ê†w,1
zÚ‘,1
iß¤c3,1
İ¶9Ú€_m8y1,1
rng,1
ffr,1
oÄ¸j,1
qzb6xÈ‡fp,1
8dgbo,1
Å£,2
ËŠtn,1
2eŞŠ,1
uj,5
xuvjÆ½,1
pÜ®,1
qİ¡lwr,1
Æ,3
qkpnÛ‡,1
ar,6
crj,1
Ï’,2
dt,5
ß—0Ñ˜,1
7j,3
as,10
y3e,1
iu,8
llh56,1
8qq,1
xpai,1
oj,10
k0or,1
p1,5
ndl,1
jx,8
eç‚j,1
cÃ»,1
gz,11
vsop,1
drl,1
bty,1
q8hs,1
Ù±Å¥ym8n,1
oyp,1
r4Ã¯m21,1
ubm,1
6e,3
è‰¦_c,1
j7,3
gkq,1
pgvÒµpv,1
a_sld,1
dr,7
ohbfg,1
d9w,2
zpix,1
ny,10
1g,11
jË,1
utd,1
x_g,1
hyjw,1
vetß”,1
c6jåª¹yÜŸp,1
ex5dz,1
a5ww17,1
zkk,1
xci,1
b3Å·,1
sg,9
rl,6
l3,6
c5,4
up,12
f6,7
zr_k,1
qá¦€,1
iÕ£__Ù‰g,1
Û2,1
twØ¥h,1
Ö€Ø¹c4,1
63yq,1
qq_,1
wx×ša,1
b05ab,1
kmk,1
gyf3,1
l9,2
4f5fun,1
Ê,2
x8,2
wjf,1
wg,8
Ê…kê©´q,1
0pxsp2,1
É‡,5
h1,3
Û‡d,1
o4p,1
b6i,1
i2,2
u4xa,1
imagec,5
80,7
4564,1
É±wÕ¡z,1
s_,6
l3c5e,1
mi,9
hig,1
bbaÓŠ1Ò­,1
x11,1
Î¯oas,1
aÉ‚,1
jc,8
4z,4
Ã©f,1
o3,2
pad,1
pdb,1
Ú,3
zÚ£,1
8fr,1
xoz7y,1
Ú¦,2
ul,10
zw,6
É‹l6,1
yz,10
u2,3
2ãƒ¬ttmrovtn,1
3g2,1
2ãƒ¬ttmlvz,1
i8,4
jrz,1
Æˆ,2
ÇŒ,3
fx,15
qa,14
n8d,1
w4f,1
ixaÃ¡f0f1,1
am7pl,1
rz,13
0aq,1
ß£,2
pfrÆ€,1
f6pzbc,1
_fx,1
0w7,1
xŞŒb,1
eÕµ,1
dj5,1
z5lx,1
_a,2
9lo6,1
q6nh8p,1
2Èy,1
cÉ oa,1
tr,10
vnw,1
Ä,1
tl,5
Ç¹r,1
e96avÕªa,1
pz,5
xr_c,1
hu9,1
eĞ°,1
1e,4
kaÆšt,1
Ä¸k,1
qbdx,1
ï·¸,1
fbmh2z,1
nc,8
blpv,1
sq43È™,1
iÄ©,1
wrc,1
Ñƒr,1
1fb,2
kvt2,1
3_,1
yuw,2
hioa,1
rn9x,1
ikt,1
afaw,1
vphs,1
Êƒ,2
eo,8
k_r,1
kki,1
Ø¬,1
bd6,1
z5u,1
4r,4
ÓŸr,1
pbdpjm,1
tnw,1
×‘zxk5xc,1
Ç°e,1
sai,1
dae,1
Ç,4
ptp,1
qx,16
h6,5
6z,5
iÏ¡,1
pgz,1
ohz,1
q0l,1
lehnp,1
tvwwÅ¯cs,1
h_m,1
fm3xg,1
azu,1
Û¥,1
jfr,1
7vm,2
jcÑ»igivy,1
ikuh,1
bsÑ‹,1
pv,7
nvÈ‰ä¥Š9uw,1
sy,8
y1qmp,1
wÃ¯Ï,1
Ñ›,4
tqw3,1
_Ë ,1
epw4,1
kxqp,1
y_oatrnb,1
o_,4
wp89,1
írkgo,1
met0x,1
iyz,1
9q,1
bm,12
fwp,1
Ä«7,1
5vcŞŒ,1
ppw,1
hÑ¹,1
zrvÚ‡,1
nuv_h,1
yj,8
pyÈ³Ègb,1
Ó³9,1
on,15
fhrr,1
my,5
pc2mß¡a,1
å„Š,1
xİ®8,1
4ya,1
rzk,1
kÃµf,1
272,1
Ñ‹4,1
yqx,1
5a,5
ihwÒ‘,1
iyÑ,1
v0,5
lih,1
4tp2nwÏ,1
4rk,1
rq,8
9Ù¤alÒ‹Ú,1
Å›Ã³,1
Û‘omc03,1
0v,6
ËŠbfig,1
hys,1
Ó©Ş¥,1
jvplÇœ,1
jjy,1
Ê¼,3
Òµy,1
oils,1
uné±œÙ§di,1
grn,1
ur,4
fn8,1
3bpipn,1
ë„«rÅ—m,1
aÏ„,1
cn,8
da,9
ËŠa,1
pzz,1
yÚª,1
rnÅ¼,1
zk,10
zİ§,1
wrr,1
iÚš,1
jÑƒ5,1
ssu,1
yn,4
oo,14
v6Ñp,1
sÕ¾,1
ngs,1
dŞ…o,1
è¨–sj,1
az,3
e6,6
cm,13
bgg,2
ç‹½z,1
Äx,1
wofka_,1
hË¡,1
pp,11
q9mrh,1
tuŞƒk,1
komz,1
kdÓ†,1
34r,1
usj,1
rië,1
lo,7
8_,3
dq,5
g9q,2
hev58,1
zi3_,1
a7,7
jv,6
xoo,1
dq2z,1
v8,4
tl8nv,1
Ş¤,3
rdÒ§,1
iÔ¡ßb,1
Êº,4
Ê›p,1
m3,4
c9ov,1
gÒ¥Ü§,1
vs,5
2th2o,1
x×§,1
yk,16
jviu,1
ubj,2
Úrf,1
bjjo,1
ub5,1
_6xs4p,1
p2,4
82,3
5636,1
n00vf,1
Ücurk1ê‘,1
lt,13
Ïd,1
d0,1
fÚ…,1
v1,5
tzqb,1
0q,5
É‹,1
btb,1
7fzv,1
6w_l,1
oz,16
ryjoh,1
tnzz,1
ezney,1
ß…,3
t0f,1
hexæ¿‹,1
Î®,4
dß‹mÚ­h,1
efzpjyÅ€d,1
Æ°ß•,1
hy,12
cÆ€k,1
na3,1
jnp,1
Ùƒg,1
forc,1
Î®e,1
2o,2
syap3,1
g9ny,1
fÆ™iÅ•,1
4jc,1
7v,7
1u,2
ÑŒ,5
Ã¥,2
bv9,1
0e,2
Ë¡f,1
9ycÍ·,1
klÄ›dj,1
fÅŸ,1
Æ¿Ò¹q9t,1
q10,1
lrbq,1
Ø¤,1
5oq3,1
rp,10
8m,4
yŞ‹,1
bhk7,1
Æ¹,2
1bu,1
Ë‡b,1
lhr0h,1
z1ret,1
ez4chëºŠpv,1
sxy2c_,1
Ï…xyqe,1
e8j,1
jm6,1
Ê‚,2
hxaxukaj,1
4f,7
bvä–²,1
r65k,1
wÈ«,1
eu,9
xdw,1
s6,3
xuw0c,1
eqt,1
o7,9
ui0,1
gnl,1
khÔ‰,1
há¸Ÿ5x,1
wnæ——,1
w_,5
rlv,2
idj,1
a7bkl,1
qt,5
zx,10
okh,2
6Ä³,1
tp3t,1
dÎ¬mvfgl,1
wÕ£uvjdg3cbt,1
qxfbÄ,1
_y,7
6fv,1
ß,2
c6,4
Ä£,3
x4y,1
rmu,1
fua,1
á¬®4kÚ†j,1
i8a,1
cc5f,1
2anh,1
sgf,1
1rt,1
leb,1
p3zË‘,1
hÕ±x,1
hÒ,1
bs,9
Ê‡,2
1rulav,1
uj1,1
fywm,1
xilij,1
srk,1
pzrevsÔ›qÏ–,1
1Å«,1
cf,8
5s,3
cjh6,1
91,3
1d4n,1
bi,14
Õ¡,4
eru,1
dm,2
22Ò£,1
næ¤©,1
É²,6
z1e,1
yqm,1
yyrgc9f,1
pso,1
o98rk,1
Ù©ianxx,1
dz,8
wj,6
vr,7
gÈ©hh,1
qezqvbrm5,1
yvc,1
Ö€a,1
É‡t,1
jc0,1
yÅˆ,1
zĞ»,1
mh,9
Ëˆ,2
go,9
k_Ü¯cz,1
Ê–,2
Ï¼,1
yv,7
oÖ‚,1
trqstk,1
_Ê³a,1
7f4,1
Ê›q,1
Ñˆezxu,1
fvi,1
v6jr,1
İ,4
Ê‹o,1
Ãµo,1
zq,10
ßºle,1
u3,5
aÇ¥iØ±xp,1
k7s,1
dnÜ•,1
Ó¡,6
ad6tc9,1
8Ä­,2
ldgx,1
wcË‡,1
ts6j,1
2Ô£,2
dz_rm,1
vbÅ£,1
z1re,1
cbu6chØ¾9Ô£,1
dz_osaa,1
di,9
7h,6
skn9uê˜’m,1
sob,1
l2,8
v2,3
i0,2
Ûƒw,1
Úƒwi,1
ccy,1
mk7f0,1
ek7f,1
sch,1
2Ò·c,1
93jma,1
efyc7f,1
h_,3
gcv,1
ge,8
1lav,1
jØ£,1
seky,1
Ã¨,1
Ò9yt5j,1
har,1
vg_,1
ww7,1
9nopzy7,1
h6p,1
squ,1
v6,3
u1,2
nuk,1
lxkic,1
lyŞ’faÊ­,1
7fŞ’4k,1
x7tsgya,1
hå·¯lÛ‹Ã¹,1
Ò,2
_zb×¦h,1
fyd,1
s50rno,1
ih3n,1
hÑ,1
cgk,1
hx,6
1ruhg,1
jl,7
izjÒ,1
bg5,1
xk,8
cq,9
7qu,1
sl,11
m8y,1
rfÉ©5kÅ‹,1
È³,2
3owÍ¼d9lba,1
bf,5
uequu,1
o9,5
Å³,3
by,10
nzv,1
yvsc,1
dz4cjk,1
uzxÉ²Úƒ,1
c_l7j,1
izxjÒ,1
É¼,1
ggvula,1
ez4cjk,1
3_ß¨_,1
xr,15
zwa,1
0Ñ–g,1
5da,1
ute,1
ukoj,1
j3w2_,1
x5l,1
ogx,1
ß™a,1
qz29,1
dke,1
nè‹Ÿ,1
et6y,1
_ux,1
ooca,1
Ä§,4
k331j,1
lfd9y,1
a5y,1
ne,10
6d,2
ota,1
è‡zob,1
q3mzwgma,1
qzpqm,1
dmw,1
sk,11
nnt,1
tybq,1
b_0oÚ—c,1
b8,1
vuxh,1
ã½®,1
Ú‚s,1
kfs,1
7rl4,1
_7u,1
n7,5
q9,4
ukb,1
zz,9
nwjjì‡9hu,1
tp,11
Ò—t,1
5Æ¡i,1
z3_,1
ÆŒi,1
enb,1
6ÅÓ­ez,1
stlÎ»,1
wa,10
Ñƒh,1
Å¥Æ»n,1
cuo,1
2İœp,1
tzwx_odí‘º,1
k0x,1
Õ²ahq,1
í“©j,1
Æ£5mgngzbl,1
g4,3
tplr,1
lq,8
nê½‹s,1
ec,11
txe,1
ex_5o,1
nol7,1
fcf,1
cmhbe,1
uÕ·,1
qj,17
84,3
1973,1
xxm,1
Ï¯,1
6c,4
8lÏ¯lj,1
wv,6
È¼,3
Ê£,4
ë„l8ad,1
lpendg,1
zÄµe2y,1
v8wh9,1
aj,2
eeé”²,1
0iujhÇ6,1
obbf,1
_qwz,1
ch1,1
4j,3
qbn,1
n28p,1
hnz,1
ßƒ,2
vx,14
ejd4vduxji,1
Û¼,1
Ï§y1,1
5g,5
7b,7
Ã§wdre,1
yini,1
2_z,1
Ïv,1
viwx,1
7n,4
n8,6
xn,7
khgvcbc,1
hg,6
iercs,1
è’t,1
tjprq,1
á¯¥d,1
mÛ´,1
ypd,1
slvu0,1
Í·,1
ml0,1
kh,5
yttxek,1
b0k,1
ms,11
n6t,1
nk,5
nuut,1
gr,8
9ma,1
hulq,1
dqb,2
z3,3
tb,9
fk04,1
yÊ€Íºh5,1
t0,4
Ã§,4
aojÛ¦,1
3b,6
ev,8
é••o_,1
İ½,3
x1oh,1
tz,10
ilkibflwj,1
qkn,1
jq,5
qyrl_,1
dinrt,1
È«,1
pdfdmw,1
wc0,1
Ş¡qm,1
f_,5
jmt,1
uxv,1
yss,1
rqh,1
ugq,1
itÄ•h,1
barm,1
vtmghu,1
kqv,1
eqzÄ¯6,1
tÑ€,1
94jw,1
qcq,1
5w,5
ztz,1
ndk,1
Ú£y,1
d1bg,1
İµ,1
nd,4
u6,4
x9y,1
r_tÉµ,1
hjcg,1
qjİ,1
jyy,1
mm7,1
sa,6
Ñ,4
vyz,1
vp,10
áµ°,1
rotÄx,1
1555,1
3c,5
pÈ“q,1
Å¼w,2
Æ™t,1
7k,4
bnl8_h,1
6Ä¥,1
_o,8
ovz,1
Ã»u,1
o4nuÏƒrdf,1
nic,1
0oz,2
d8tds,1
gbt9Ò©,1
mz9uk,1
rdk,1
xvq2d,1
_á¢Ë®o,1
qnk,1
Ò«,1
bhx,1
y2,2
vo4s,1
eoi,1
j1,6
mrc,1
jm,12
d9h,1
Ã³Ø x,1
zpe,1
bts,1
tj6,1
md,6
cÈt,1
von,1
hm,8
Ï—i,1
tvo,1
3ka,1
mg5h,1
kxp,1
bmÛ²fr3,1
g9cy,1
keå“,1
k3ot,1
zÇ©yr,1
0hre,1
È£h,1
tdpÉ•,1
g9s,1
×šafÅ¼,1
ccp,1
tg6ioa,1
2vmß—hm,1
gmkdqviÃ­,1
fkmu,1
Ï,4
fi,11
ho0,1
oyu,1
Ï›6t,1
un,5
xjv,1
1gm,2
lbh5,1
_je,1
kd_ti,1
ì²®,1
Æ™,3
2a,7
İ”v,1
uy,7
vtiie,1
idq,1
4703,1
6vc,1
5Ç­g34,1
fÉ–,1
i7ÑŸ,1
6vl,1
ds,10
nnÏ§,1
znfssmk,1
1di,1
qjl,1
wl,11
4Ã zq,1
×›ßªn,1
uyodh,1
c2g25fyf2,1
Ér,1
grc,1
Õ·ë­‹a,1
İwcaw,1
vv37ií–³9x,1
ruy,1
Ñ…5,1
1tg,1
fmv3,1
xuw9sh,1
fzaob,1
fxfm,1
wd4,1
fkml,1
w_Ó»,1
qsqa,1
jÇ¥,1
vl,6
Éµ,3
t05uvt,1
uzk,1
0i,6
jp,6
mpp3,1
4p,3
lnw,2
8elÏÈ¼,1
Ş’,2
xq6e,1
n3bÊg,1
jÒ½,1
Å©gå£·,1
ar3be,1
Éª,3
4bg,1
tdtÔ‡,1
tq1,1
f7j,1
x6,3
5fwv,1
3Øªvg,1
dÎ¹,1
n9l,1
İœ,1
juc,1
bw,5
tv,7
É€lm,1
lke,1
mt,8
dn,9
Ù¾,2
ke,5
Ö‚,1
d3,6
swé’¢,1
_i9,1
xcr,1
gÏ¥6l6xld,1
ov,9
5uvl,1
pl87,1
w6,6
pw,8
ft,12
a1gpa,1
qa5,1
pmbf,2
Å›c,1
cus,1
oaqvsl,1
zhl8b,1
zlgr,1
ÔŸ,5
tcj,1
jiex,1
Û¸,1
Ú¸,1
54n,1
lÇŒ,1
d4,4
lzÑ”,1
0l,4
h1a_,1
9pyr,1
smwe,1
Åi,1
gÆ¹,1
nf4,1
Æ¿,3
0k,4
nvlbi,1
6qpä«sj×¥,1
bp,2
dÅ‚,1
ibzh8,1
x4,7
Ã®czco,1
0lk,1
cgkl,1
eha6,1
Ô›Ò¥,1
yoim,1
d5,5
ohmckm5,1
xÏ—wp,1
Ğ¼oz,1
5v,4
lsÚ¶ojot,1
ié ‘,1
vn5wxg4,1
2pn,1
É—,3
t2f,1
3z4,1
bmz,1
jg,6
3ni,1
tp17,1
rfx,1
pÉ»b,1
4s,1
ie,5
ps,7
ÇƒÚ¡,1
ort,1
ud,1
glz,2
rgb,1
uxes,1
wc2_,1
nip,1
qip,1
bt,7
Ï£,1
mhlb,1
lks,2
ãŒj,1
b83r,1
jb,10
ywdo,1
7s,5
k0n,1
9p9,1
mrg1,1
bÛµ,1
Ô¥,4
vjk,1
6yxtp,1
ep,6
6Ï†,1
Õ»r,1
hyh,1
v52,1
0px0,1
zvÔŸm,1
_Ê¥,1
lzg,1
2d,3
sb2,1
Õ¾,5
xqÃº9so,1
j35,1
5dxg,1
su,10
o_jop,1
jİ§b,1
Úµ,4
tik,1
Î¿u,1
4c,6
kÑšve,1
yaa,1
m24c,1
Ê,3
hil,1
kÆ¹,1
gkØº,1
3n,3
aa,5
a7Ã¼,1
İ½e,2
aqf,1
xÇ–,1
cac,1
z9tl,1
q7,3
hwt,2
mjaw,1
erkgr,1
xhhxpn,1
ÑµequaxÃ»rhm,1
oÈ§,1
b6xb5,1
Ç†jr_,1
jjdrv,1
qww,1
bÓ“8b8,1
n5r,1
l0,7
Ô£,5
4bÊˆ,1
7ã¤,1
v177un,1
ya3,1
fy,7
yvq,1
ac8,1
tk9l,1
1Ê¿,1
a24v,1
Êy,1
ywc,1
vsc,1
nmÎ¯,1
liyxe,1
mq,8
cÜ–,1
94,5
2995,1
xzn,1
wÕ²,1
4mzd,1
rfs8c,1
vvdf,1
nw,8
É±yg,1
4Ã­,1
ns4_,1
w30lhvv,1
6v5,1
_q1,1
ë­nf,1
7raa,1
ì¨”egb5xx,1
pq6b,1
Û‘,1
3fd,1
vhÚš,1
à¡,1
rd7,1
Æ•,1
gxmnj,1
j4cyu,1
32p,1
q_,3
xctcayu,1
3ta,1
zfr,1
7o,7
pu,6
5c,4
c_s,1
pnÂµ,1
yyf,1
vfw,1
ê¶,1
q0ss5l,1
jqc,1
u_,5
nì¬‚,1
n0,5
hpk,1
zbz,1
ehl,1
ew,13
2k,2
dw,11
s9,2
ddÛ’,1
qm,10
k_9,1
mÈ±ewzí‡¯y60Ã¦,1
m0,6
dpo,1
Ø¸,4
6nx,2
wÙ€,1
Úz,1
tÃ¯s4,1
9pf,2
lv,5
fÉ¶wk,1
kju,1
uzÇœr,1
oÖ…,1
aow,1
qg,5
cê¼¾,1
chx7mfjq,1
Ú¤k3,1
qxn,1
5nk_,1
ol,4
2y,4
16x,1
e9,8
yx9,1
ecj,1
9ki,1
bh9o5crmÍ»,1
5Ğ»c5i,1
ä‡²,1
ltè•£dc,1
ghe,1
Ş¥,2
xu,6
Ä­w,1
6em,1
Ù®,3
ry,8
ooÉ¶,1
5t,6
Çam,1
qoo,1
×©,1
k5,5
wqo,1
loÕ®,1
Ê°Ò¡f,1
9ne,1
trl,1
7ok5n,1
9i,5
İp,1
n5jsoxa5,1
ily,1
İ ,2
6_Ä‡,1
ï¨nf2,1
mg,6
bhmc,1
5zf,1
fbe0z,1
Ñh,1
Ëzx,1
ac7,1
fj_repÕ¤dx,1
dÓ„p,1
huxf,1
hylvfz,1
xnj,1
0hq,2
Ên,1
Ï†,6
É·,3
jd,9
gtk,1
i_w,1
xrnert,1
smzhb,1
ewdk,1
hkn,1
Ï‡,6
Ş¡rzy,1
_u8,1
ngÔ™,1
b8Şˆ,1
É¨,1
qrv9,1
Æ£,2
jjbbf,1
jrÓ©r,1
jtbb,1
tib,1
jaz,3
2e5r,1
Ò«q,1
4n,4
Æ™kwuÍ´,1
Û•Ñ¡d,1
ckÊ,1
Ë‹,2
Ê ,2
İ³ztc,1
Î²b,1
hc,6
eÓ—,1
qludgh,1
gq,4
00a,1
Ã¡n,1
pl,7
iÙ´qh,1
fcze,1
gs,10
å £4,1
bÒ¡dx2jv,1
97,3
4530,1
q1os,1
ky,13
mdl,1
_c_,1
wki,1
oÒ§Ù¼,1
fr,8
el,5
_h2yd,1
ofv,1
Ê©f,1
qfj8lvw_6wgn,1
gë‹¸,1
3afrj,1
eez,1
Æ¨,2
Ïµ_n,1
umz9,1
yÃ¦Ã­,1
_×¤m,1
yÉ¹Î°58,1
sm3a,1
a1,2
zpv0iİ¥w,1
68nvlg,1
vof,1
54op,1
Û‡w3,1
tÑ¹,1
dam,1
tq,3
3a2,1
iia,1
dzbm,1
Ñ§,3
Ç³İ­wjc,1
thwu3sn,1
dÔ,1
xv,6
gvÚsx,1
6d1,1
hyß•10,1
2zt,1
Ñ¿b0,1
yc2,1
g5,3
tddaÕ¥,1
ß,2
mjp,1
pÛ‚,1
uie,1
n3,4
l0lz,1
È£,3
4pr,1
jib,1
8u,3
8e_kw,1
6eÅ‚,1
ajg,1
kÊŒ,1
qf,5
gy,10
l4İš,1
al99,1
t9x,1
xztrv,1
fsÄ,1
26e,1
a0gbk,1
aÚœ,1
bu4bdi,1
j2s,1
jpntkfÎ¿,1
Õ´Ø¿k,1
tgs,1
pgw,1
gh,7
c8,5
sÈ‰g1,1
iÈ™,1
Ä›e3a,1
qex,1
pn,7
1enx,1
bxxx,1
g3ah3,1
7ttŞ„3fnuxÆ’,1
b9,2
Ñ«,3
hmwÓ«,1
g7qt4,1
Ó‚2h,1
tzh,1
fÔ¥z6uojhi,1
pg,13
rav,1
ojz,1
rÛy,1
Ü­,3
vha0,1
fq99,1
shom,1
kŞ¥,1
a_,2
t4,6
mk6,1
1t,6
n0qqf,1
7ua,1
aksë±ŸjjÅf,1
p6,8
9wr,1
Ô©,3
jjuqcÊ‹,1
fq,11
f5az,1
r7,28
qfh,1
ut,9
uÉ¿,1
k7,1
xhr,2
qy1,1
Û‘h7h,1
b191Å‹rvjİ•,1
bua,1
hk9,1
kÜ©z,1
7q,3
rpos5l,1
zmr,1
0nu,1
swÔƒ2,1
psqi,1
adt0b,1
xmezt,1
Õ¶,3
b4d,1
i×›,1
Å­,4
aq7h,1
0m,5
vbm6,1
enas,1
É¬,1
Û¯pid,1
Ò»n,1
qa2he3mr,1
Ï‡d,1
cjo,1
gÙ¥rÆŒ,1
c1,2
Ä,3
yu0,1
â„±,1
Ò¡,5
ehf,1
á„·j5,1
01y,1
rÚ‹,1
Ø¢0o,1
gjrtquÏ,1
o6m,1
fmdi,1
Ç§q6,1
s6rÉ³3,1
ibsl,1
jy,7
íˆ’,1
4qlu,1
ç˜³,1
o_qac,1
tÈ™1,1
j_v,1
zc_7d,1
22m,1
gÙ‡su,1
owy_,1
z4t,1
cn×±,1
Ã³ÏŠ,1
2g0uÆ•,1
Û²,3
n9,9
xipn,1
4tt,1
Ï…,3
Õ¦vg,1
jxf,1
dİ®,1
oã¿t,1
2z,3
Ò¹2e,1
ÑˆcÑ‹,1
n97,1
jt0,1
5rs,1
xã®£,1
sq2c,1
mt3,1
gm4br,1
iÏ”,1
xs,15
wlem,1
Û,2
uqé¤œ,1
eooy,1
ltq,1
Ïi,1
×¥,1
ahgw,1
dlp,1
ÑŸj,1
wwŞ¤,1
0p,2
rcnm,1
fwnciç¶®6,1
1c,5
í”‚,1
mÄ—w,1
6k,5
8w,4
mÑ‘,1
100,2
102,2
1803,1
xxn,1
fÊ¾,1
b8É‚Æ’,1
zzfzh,1
_0a,1
İ_,1
7biv7,1
3Ã¥sÏ‡,1
0lqÉ¼b,1
Ï¡p,1
ilz,1
br,14
67xbh,1
nnh5,1
ğ©¸¢yuÅ·Ê²,1
lÊ•,1
Üšbd,1
6i,2
mrm6x,1
0gmqsx,1
gÏ‘,1
gkj_g,1
qbzzf,1
Û²Û†hq2veq,1
_wdm,1
afr,1
lfz1,1
fw5x,1
ync,1
q3g,1
Õ¹,2
tjrbÓ‚vma,1
m0k,1
1i,5
å‰ 5,1
gjp,1
h3c3Å¥ai6vvcs,1
mÃ gh,1
wÛ±o,1
t_lci,1
ç¿¥,1
wa3o,1
Æ¡n,1
uyclp0,1
4È6,1
3u,2
qgr,1
aez2,1
1v,3
È­h,1
gcjt,1
Í³,1
mÚ,1
4mrhph,1
ì¤“,1
jiqa,1
tn,4
qzu,1
fs7,1
Üy7,1
Õ®h,1
1weq,1
ibur,1
sncct,1
leaqd,1
É ,5
Ô™jenr,1
i5i9,1
tâ“´3,1
eiÑ¡,1
vÛ€pkq,1
4q,5
eç„³,1
aokgj,1
Æ¨dq,1
to9,1
tu,8
ß‡,2
z2y,1
kÛ±,1
sjs,1
d7w,1
İ,1
0ujb,1
bqmu,1
naq2,1
è»¶1,1
yh0tmlÆ¨,1
ß¥9o,1
ndd,1
0h2d,1
ut9p,1
sÆ¶j9p,1
qjx,1
kÎ´iw,1
yè¥e,1
ianÉ«,1
g7,2
å‚¶,1
dß¥,1
103,2
104,2
105,2
6226,1
Ñ‘,1
xÚ’h,1
_fe,1
ë«³,1
gl,8
xvta,1
rugßŸ,1
wİ¯Ï,1
juv,1
0u,4
0Ñ”rhxswk,1
b3,4
Î°n,1
vawf,1
lvkwur5xi,1
ox_29xkfl,1
ßˆ,2
0dlÊš0,1
ue272sq,1
kzzb,1
d272sq,1
k2fp,1
oÇ¿,1
im1a,1
2w,5
m2x,1
x4Ä¡,1
doxx,1
yİ£,1
foÎ¿,1
Ø«Ñ†qwx,1
b0,2
egr,1
js,2
xm4,1
xdh,1
pcz,1
Ï³d,1
ypt,2
ÓˆÒµ,1
È,2
e0,5
_4l1y,1
íš«,1
eja,1
yalxfe,1
Ó,5
a3_,1
Ñ‚w,1
lhr,1
pr,7
yw,5
88t,1
Ê,3
y1,1
1è¾‚,1
40l,1
4yqv,1
fì·,1
qsm1,1
4l,3
ize9,1
pcpd,1
ah6,1
xfl,1
2jĞ³,1
m5,4
3s,4
ylaw7p4,1
zfqu,1
È—,3
É´o,1
8g,4
m79,1
É¯,4
5r,3
hßŸ,1
giq,1
soi,2
9zx,1
Ğ¸,1
0nx,1
thm,1
j4,4
hl,7
lÆ•udÅ‹yd,1
Ò‹w7,1
lt3,1
Ê¨,2
dgowl6,1
apm,2
tmb,1
qvw,1
u3g,1
Ø¯,1
Ã®8,1
qgf,1
Ø»,1
ynagy,1
1z,5
toÈ«,1
diu,1
dul9u5,1
d0e,1
5jnh,1
Ú¸3,1
kv,8
5vv,1
kx,12
mvhyf,1
n4y,1
wczl,1
dè¤­,1
g5p,1
Ä·,3
lql,1
xevyv,1
_l,3
ic,8
nÑ±,1
2riee,1
Ê«a,1
hfa_,1
tq2tga,1
sdeÏ­bi,1
h4c,1
sn,11
vtq,1
Ş,2
å§Šjk,1
nca,1
_n3_,1
Õ´Ñ±,1
xtÕ¥r,1
pzo,1
ovd,1
xe,10
wbr,1
rxp,1
hw,5
qwc,1
Ï§5Û‘,1
ngzk,1
kjg,1
yrj,1
sjde,1
7Ê´,1
50m,1
İ«1ek,1
íœ³,1
rtn,1
2Ò£5,1
İ¦wr0ß–u3s,1
Ò›,3
t76,1
fub,2
s2umwa,1
uv,4
byn,1
Ã¡,3
buucq,1
epv,1
cdv,1
owÑ•,1
Ğ¼,2
vÄ—,1
Äƒ,3
a8,30
9m,3
_iaq,1
h211,1
9İ£h,1
bmá¾¡zg,1
q_rá™¯eul,1
y4b,2
7u,4
ğ®Š¯,1
k5n,1
lx,5
xuÇ€,1
k0o,1
c4,6
Êh,1
khbbso,1
ÊŠ,4
Æš,2
jÚ,1
bnu,1
9no,1
É›n,1
gdtvu,1
dift,1
1dv,1
Û¯b,1
uqm,1
hqbe,1
whß†d,1
çª·s,1
Ò‘,2
mwÄy6,1
rkm,1
fáƒ®ked8,1
kas,1
phmw,1
2Óˆ,1
s2p,1
İ,2
8cÚ,1
áµºÚº8,1
n2t,1
Î¿,3
zzua,1
yro,1
Ï§k,1
vgqnip,1
s86,1
uc2h,1
rØ¹,1
xya,1
Õ™,1
pÊ€,1
9zv,1
nwbs_,1
pÚg,1
doco,1
vmgm,1
li3es,1
Ñ˜tb,1
Ê€,4
è†©,1
zbs,1
1fo,1
nm,11
ycÓ‘,1
Ëˆjh,1
4ok,1
zfa,1
cgy,1
ïª˜,1
vØ¿_pljrpko,1
t3,3
8n,9
mj9Ï‹wÓ›_m,1
vn,11
pu_s,1
Ê°tjg,1
md9e,1
2weÅŸm_,1
1l,5
goxyd3,1
İ°,1
fv,12
Õ¦r2cku,1
Ã®,4
c4Ó›emm,1
s19,1
hfÕ¤4,1
vkÛ±jnyiwë‘ì”…m,1
pfjÊ°h,1
swn3,1
xÅ€6,1
fÄ£dl,1
Ø¦gi,1
448rvute,1
uvm,1
Ü¨bz,1
vb1,1
mcvd,1
å€y5íŠƒ,1
ÚµÔ¯l,1
Ë‘,3
ß¡,2
vin,1
Ó·,2
q9iuhda,1
Ş¤u,1
08,4
â†…,1
mr6n,1
nq,7
Õ¨n,2
Ú¬g,1
drr,1
l3q6,1
Åµyqw,1
xcÓ³rk,1
hdu,1
a2,3
xpv,1
cÅ™,1
ruc,1
Ñ˜snlwj,1
m_z6g,1
rrnrborÊŒyf,1
kknpf,1
kgf4ÃŸn9,1
s3op7Ó—7gj,1
Ê·r,1
ncncfl,1
Î¿pÈ‹,1
bÅ‰,1
7qg,1
qn,8
Ñ¡,2
tÉ©,1
3gys,1
4y,6
7ai,1
qnÃ¢iv,1
gdi,1
106,2
108,2
5656,1
osg,1
0ì©™È™,1
32w,1
u7,4
jÑ³,1
cxwbvÇ§gazwn,1
Ø½É’,1
vpv,1
Õ°,4
Ô¡,4
o1hÓ­,1
Ï«q,1
ajtwy,1
jhd,2
qlszia8v,1
53r,1
ket,1
4ë™¬,1
t7ta2aa,1
ß¨ÈŸ,1
nb,7
lospq,1
İ¯,2
y9,5
ak,5
6ßŸ,1
apoodaxj,1
yÏ§,1
8i,2
r2,12
jÓ¹,1
Ùƒ,1
qmo,1
ã£,1
ajÊœ0aqra,1
7p,16
e×§i,1
Õ™o,1
avp,1
uk,8
ÚŠa,1
eÈ,1
Õ«9na,1
hcÉ,1
siyo,1
prxf,1
Ó¹bgÛ‹h,1
ÚŠ,3
vok6,1
nëª«,1
È™j,1
tny,1
fkbm,1
æ¾Ÿ,1
aub,1
pvhe,1
am6Û€d,1
ubn,1
hÛ±sÛ¿,1
qÍ´,1
Ğ´,2
Ó—f,1
iiq,1
rgq,1
lsz,1
3y,6
6q,4
Æ­,2
ß£h,1
hydw,1
ÛŠ,2
Æ•_0,1
Æ¥v,1
wx443o,1
Æ€,17
fa,10
tx2s,1
gro,1
yb2e,1
wfw,1
pÏ³og,1
ÅŸujg,1
dwİ¿Î¾e,1
rw9,1
zÙ¿,1
fhv8lw,1
Ôj,1
jà²½mqv,1
gcja,1
3xw,1
px0,1
Ô‰h,1
Ü¨,1
brp,1
dl7,1
Å„,2
h8,7
Ü¢,1
ìr,1
pfo9d,1
mukzmcxx,1
cne,1
rmyagag,1
cİ,1
jj1,1
Ú¬xv,1
p5,5
kve,2
Ó£,1
i2g,1
uap,1
É¡hb,1
xpz,1
È…,3
Ñ,3
ln4z,1
wttt,1
2x,3
n6j,1
Ç¹,2
e8jq,1
s0,3
çµ¯,1
6jm,1
2lİ´,1
Øª7,1
è®ˆ,1
İ’b5İ”,1
ns,7
2m,4
sswx1,1
bzx_oq0f,1
5rbn,2
48vy0É©a,1
zt06sw,1
xa,16
Â²,2
57puuc,1
bx,9
tc,8
xqá°o5,1
smxh,1
qÏ°,1
Ô‡d,1
Ûa,1
pçº­,1
jhußº,1
Éu,1
ß€,2
rjmc,1
pk,11
3q_ijqk,1
kl0,1
bÅ€rt,1
oÕ´,1
İ¨,2
1Ê½,1
Ğ¼z,1
euux,1
rÛ•c,1
Úˆ,1
s7,5
â¶°,1
aturm,1
6ck,1
4_,5
gpkj,1
b2p,1
y8l,1
hfu_t,1
vuhixx,1
im,7
lmwc,1
jbİ“,1
soÄ•,1
Ä¼,2
ÚŠqy,1
5ce,1
Û°4,1
u4,3
_Ç¿,1
vdt,1
coj8,1
xoysÑ’n,1
vs2s7Õ¯,1
fÎ¸,1
_2,1
jdo,1
ox,13
o4qc4,1
hnkjt,1
g3,6
Æ›7,1
ks,4
iig,1
Ó“e,1
ë«’g,1
5lz,1
6uß™,1
Óˆvp,1
Åg,1
vtv,1
Éoi,1
ya5r,1
Ú”jÅ›,1
_xiy,1
bl,4
odxf,1
Ó‚73,1
gwa,1
elr,1
47u,1
eft19cj,1
yt4orr,1
kdÔ‰,1
xx5o,1
Çhl,1
kÄ£,1
Ü¡l7İ¿,1
lw0oo,1
fhck,1
fdllx,1
Å³r,1
İª4,1
7kbu5g0k,1
d45n,1
Åf,1
mvq,1
Ó5Ã¶,1
u_Ê»,1
Ïƒ,1
zß†l,1
0Ï‚p,1
dyrz,1
×¨,3
Ñ£l,1
ng,11
t8,9
fß§,1
Æ«8,1
key9x,1
m_,3
rc,9
weã©¦c,1
m3m,1
nox0du,1
Û¼a36x,1
etg,1
bd,5
Ğ±ic,1
g6,3
9mv,1
yadkz,1
5Å¥,1
kvu4,1
ß˜zÅ¼,1
Ö‚nÛ¼,1
Êˆ,1
Ã£,1
Ç¡,6
fxv,2
agÄ‘71,1
4v,7
x2ff,1
ktu,1
kxr52,1
İ–1,1
fsr,1
İb,1
111,2
3867,1
xzrv,1
re,7
qØ¦d,1
hzt,2
g_,6
yÈ,1
j7g,1
bq7gg,1
aÄƒk,1
dxq,1
erl,1
rqvln87j,1
znw,1
5ft,1
3İŸ,1
qflnd,1
yÏntÎ³fq,1
w_n,1
ÓŠt,1
onË‰t,1
2roo,1
Ü®,3
nqk,1
ddcw,1
wjpÊ¤b,1
nt,7
Û…,2
nxŞ’8,1
uprm,1
oee,1
×”xgÊ,1
İ¦d,1
pj,5
_lt,1
l4È±,1
Ñ³lŞ’,1
w2i,1
xmcd,1
3qe,1
Ö,2
i3e,1
e_x,1
6hn,1
gŞ“,1
5Î³,1
h4e,1
1p,2
sÖ‚q,1
jtĞ¶x,1
u3a,1
nk8sg,1
zhÇ¹,1
kd26,1
xvktxÒ›kl,1
7Çš,1
sp,13
qm× m,1
dç¼¶,1
1Ñ”tÕ¬,1
vfje,1
cszv,1
Ñ,1
tzoquuÏ…,1
3bkÕ·,1
Ï»f,1
apx,1
ukbb,1
7_Ä«,1
Şƒj,1
0op,1
opz8oiy,1
t9,1
ieÉ¿6gd,1
i3,4
phå˜Ÿ,1
wİ•,1
jwe,1
iyjga,1
ì³‡,1
58kcİ¼3jvpw,1
pÒ“,1
vsap,1
ffl,1
rrs2u5,1
v7,5
4w,4
Ï„,4
7Ğ¸5h,1
rä´3Î·e,1
Û‹,1
uxi,1
d4z_yfpf,1
mlm,2
_Õ™Õ¡zmegp,1
ney,1
p0g,1
oym,1
Æ…,2
demv,1
xÜ§je,1
3kvrtxg,1
etpv,1
v68is5o,1
Åß©iß•0,1
kå¢£,1
n6,6
Å¾,5
olv,1
h3,3
læ¹¤zt,1
hfxe,1
zã§´bß,1
_p,2
eÑ“l,1
70wn,1
mß´,1
Ó¹vop8é¹‡,1
5Õ¸lb4,1
h89,1
Ø­l,1
jÙ¡,1
o4z,1
dc65yb,1
3Ò¡_,1
u_yn,1
r×¯n,1
uja6,1
pÅ‹ih2,1
Çg,1
tÔŸc6608ìŠ‹Ã±,1
elph,1
k0j,1
kbÈ…h7Ø®0,1
Ê‹,3
nrÈ£,1
687,1
tevtmk0,1
iww,1
q1yn4dbw,1
4ir,2
Ù»zt,1
sÊ·,1
osez,1
Î¶,2
tdpÛˆ,1
arx,1
ß—,1
usr,1
idni5y,1
ÑŸ,1
a66,1
Ä›dÉ¤,1
ckctwu,1
Ü¡,2
8Ù¯4,1
Ã¸6,1
f2k,1
ŞŠg,1
rm,10
Ê’r,1
Û¦vcÏŸ1,1
u5,2
pqu,1
_w,3
3z,9
gyl,1
mnkg,1
Ù¨,2
3oagmty,1
uba4yekì·»o,1
kdeÊ·,1
aÈ,1
Ï”,1
Ã±,2
4Ó¹,1
umqÅ¯,1
jgnucÅŸzÃŸ,1
wqÅº,1
ehegx,1
ai,7
xq7,2
4773,1
É±,1
×¯eÕ¤,1
v6Ùƒ,1
jrls2i_,1
ku,11
Ä¡,2
oÒ§,1
twv,1
wus8,1
Ê©n,1
qnj9mt,1
enfvp,1
nh5,1
rh0x,1
_no5,1
Ïµw,1
moz9,1
xÃ¦,1
gtx,1
Ş“,1
a2ÆšÄ‡2e,1
Í½f,1
y_u,1
ahji,1
Ç³cax,1
wi,7
ÕµcÑˆq,1
tje,1
ËvÉ”a,1
Ø¯j,1
m2lfl,1
Ô‡lr,1
vho,1
nvq,1
09,2
too,1
sm,11
vt7,1
È‡z,1
qvz,1
r1,7
0t_,1
à½„,1
gx,4
Ål,1
xr4Ò“,1
pç„,1
È…Ğ¸,1
dgg,1
7f,6
m8anØ©,1
oä ¿,1
lz_,1
4hz,1
naæ“¢,1
hr9,1
rk,5
ochc,1
3o3,1
rèš›,1
_ec,1
Õ ,4
hÏ«,1
vdpm,1
Ğ´q8v,1
y9qd,1
rohk,1
nwob,1
dÈ,1
Ğ²4,1
csÃ©_,1
qi,7
s8j,2
6oÓ³,1
Ğ¶vv,1
um2q,1
ivy,1
jo0,1
ç“­,1
Ñ†r,1
lÙ€,1
lqÇ–8,1
Ø³,2
Í±,1
lb_,2
rsw,1
rÅ€,1
0ei,1
i0fb,1
É½,3
Ëˆn,1
dyÎ¯6nv,1
se,6
_dd,1
d8Õ¾,1
9Ê»pub,1
r4,3
İ¸Ü¬k,1
yew57,1
psh,1
Ûˆ,3
zrhnz,1
wÓŸsi,1
ç”¬,1
j6r,1
äŸ³v1,1
fÈ•i,1
0bx,1
ujn,2
6Û„,1
mra,1
miÏ²â³,1
90xz,1
th3d,1
ioo,1
znyk,1
Ü“u,2
kby,1
oy8g,1
8xcyk,1
9keq,1
adÃ®3,1
ub,4
4ru,1
ho,6
Ú,2
Ø epthex,1
Õ¥rx,1
klz,1
ypn,1
fbad,1
zw7,2
64kf,1
2my,1
ÑŠx,1
ttÓŒ,1
0d,3
lej,1
bá…šk,1
ê² ,1
rÃ½,1
jpyn3aqjk,1
1r,4
zbrsm,1
jsjej,1
7d,2
mu,5
e1y5bs,1
eti,1
2gn,1
sd2,1
czj,1
fglhÙºw,1
igÚ˜j,1
È­,1
Ş‰m,1
hyjhj,1
8iÑi,1
qcm,1
p4,3
p6mkmj,1
_c5icj7xÇ€,1
3x,7
kÊŠÑŠa,1
szp,1
ghkdz,1
8ae,1
3cb,1
faa,1
È,2
827vÃ¦l,1
1rg,1
lfy,2
Ëo,1
Ñ‡,4
f5oyx,1
Í½lÃ°,1
É¼n,1
si6xÎ­tmo,1
ceri,1
éœ,1
um1fq,1
Ä,1
gnyq,1
woz,1
xyÄ¥rs,1
m65t,1
Æ£f,1
ozp,1
Åº9d,1
yl7iÃ¯m,1
9w9xyss,1
9k4Ş‡_,1
r7zynu,1
ni2j,1
hjn,1
è´¤,1
ã¿š,1
i03y,1
×±,1
dsv,1
vqÚ™,1
jf,4
e8eÒŸ,1
nj,9
yo,6
0kedÊ—,1
hxzdl,1
hÏ³r,1
116,2
117,2
118,3
1918,1
xxk,1
9È›,1
el8,1
bwu,1
qron,1
xvzx,1
kÏ»,1
zhm,1
lyjoqg,1
yag,1
dc,7
zÄµf2yn,1
roqv,1
Çœ,1
Õ½,2
ktbf,1
İ¾,2
22f,1
lrzogÖ…ftlg,1
trÉ€,1
Ù·,3
4ds,1
ä½°,1
obap,1
f4,3
akmw,1
u1p,1
mc,4
lvqj,1
Úšbto,1
izy,1
gq6,1
Ô¡a4v,1
8cs7k,1
Ô“,4
a1a,1
omÙ¥,1
w5,2
7jrgxß§Ç½É,1
8c,2
1sg,1
arn8a,1
ukl,1
aÓ¡,1
Õ¥ißŠhksvxc,1
ydvw,1
riÆ¿,1
3m,5
t7tk1,1
jbz,1
tmy,1
Ò¡1h,1
nwetmi9e,1
ÈŸubtw,1
4mobh,1
0x,6
Ñ·,4
au2h6p,1
yzĞ»,1
5e,3
É¦nr,1
btin,1
21g×¡,1
562,1
íŸ,1
q5vu,1
Ó„h,1
gihp,1
8ji,1
k7s9kw,1
Ü¢nw,1
x1,7
boÕ¨,1
Û¹wcÓ0,1
vaé“®Ù¶,1
ebq,1
mikcrh,1
ytc,1
lsy,1
1q,8
s77,1
hs,3
iŞİlk3,1
vmÉj,1
e2t,1
tbtk,1
2fb,1
xÊ¤y,1
wr,5
7y,5
eswt5,1
ß£Ú¥,1
É©,3
0Ê€a,1
Ğ¶,1
xz,8
121,2
3975,1
xziw,1
we5r,1
zehzh,1
jtg,1
ä¨­_,1
Î¯o,1
r4jji,1
oŞqy,1
Ï¯ÅŸÎ°h,1
xÉ“,1
fiu,1
maf,1
xk9ji9É›de5Ê,1
ae,3
ß,1
Ñ©tphj,1
ksz,2
mro5j,1
u4ß›2,1
bflzzndm,1
sl1v,1
dÜ¨b,1
Ï‡mz,1
pwf3l,1
Ëi2,1
İ™,2
pnlw,1
Å,2
wuqÛ¿,1
px1,1
rf5,1
2wÊƒtls,1
Ñ¥ri,1
xgntt,1
mmİ·te,1
ul5,1
h3e,1
c0,2
då‚°,1
9g,4
hci,1
lh,5
Û’,1
a_12,1
Õ£r,1
dï§«v,1
xla,1
iãš¨,1
yz8_u,1
fphda,1
á†‹,1
3h,5
dp2,1
d5exa,1
64mdvro,1
Å—,1
Ñ¥,3
5x,5
tmna,1
vg,7
ec4nz,1
hgl,1
Çšf,1
Ø£p,1
9v,4
Ñ¯vlq4n,1
tmq,1
unf,1
yÊ¬,1
5ï§…hi,1
9hs,1
Å•,3
u5sÜ–,1
nprz,1
Ú¨Õ«,1
ynm,1
b7n,1
rofy,1
rmk2,1
khl,1
lu8,1
te6Ä,1
à¦,1
eku3mnm,1
5lfm5,1
_vtvvw,1
ijw_,1
fyİ¤j,1
c2q_,1
wÉ,1
t26,1
jniut,1
ezc,1
qbggrbzb,1
oyt,1
iÔ‡,1
ef,5
pÒ‹,1
lui,1
k_ts,1
jnqn,1
gvyÏ©,1
yws,1
oå§¸62,1
fljdj,1
hwpg,1
sgh,1
cì›Œ,1
oqh,1
Ä¡6Ô‡,1
jpÅ€,1
Ù£,1
oØ»5jimn_,1
Ô•,1
occmq,1
Ó±1pla9nsn,1
hç¡½,1
ow9,1
å˜¥Ç˜,1
odp,1
clg,1
q0,2
wÅ©,1
Ú¦È¡2ok,1
vm,6
rÇ½,1
wÈ,1
ofo,1
an5,1
6bzÙq8ert,1
nbw4,1
riÈ´,1
Ò›f,1
ff6,1
gunw,1
lÕ·k,1
loÅg,1
m3rt,1
evcxziqg,1
qqrcbtbfhgÏ²,1
arbbk,1
kqf,1
pè°´,1
pÑŸ8ij,1
í‡œw,1
gÚ®q2r,1
z4,5
ejz,1
4drbv,1
Ú²c,1
sc5o,1
qinz,1
oÇ”d,1
7qbkio,1
Ù§,3
c3oyÕ ,1
q5,6
0wxy,1
Ñ½,4
Ã¥0ytemgqrn,1
kziÉ«vcyy8dlÕ°g,1
6Ó¿s,1
l8j,1
cpg,1
ê³®w,1
rİ®,1
oÑ†k51,1
tofb,1
ou8,1
vfa,1
uut,1
fvem,1
pu_,1
nfw,1
Ê–5gd,1
wsy,1
uqp,1
ovuyk,1
eic,1
kop,1
ogf,1
ta,8
Î¾l,1
q3,3
mÏ°Ï‘y,1
Õ£oh,1
124,2
4897,1
7zsavu,1
gÇ‰d,1
Ó©_x,1
oÏ§qi,1
frÚˆ,1
eÇ,1
gxÎ²,1
6_u4ie7jm,1
Ê©g,1
xqrbj,1
tÏ‡qz,1
qdnfvx,1
fo,8
Õ¨,2
eqw,1
É v,1
aku,2
oÚÒ³,1
o6txp,1
_h7,1
wa9,1
á§˜,1
g09lh,1
ã¤µ,1
n2f9,1
ã°¤eÚ‡r6,1
ë™ºd,1
rfxc,1
kokr,1
axzl,1
nwm,1
sq6g,1
ljk,1
967,1
6jxj,1
w8,3
7bb5yÕ«,1
6jf,1
6İ°i,1
ljdg,1
ë°ˆÔ£tt,1
zukÜ¬,1
18ot,1
ÏŒ,2
Ê²,1
qfhmrx,1
qÉ¨,1
ã¿,1
g89ev,1
lÔs,1
nop,1
85Üœ,1
fjr6v,1
rbt6,1
Ü“,1
3d,1
v75,1
È™,4
ifíƒ¢,1
Ñ±,2
ju,9
2pmÈ­,1
Ä±yms,1
updat,1
yÇ,1
5a3,1
kbf,1
vgayÑ±zpfo,1
dpjb,1
poy,1
zl1,1
jÍ·,1
dva,1
İšb,1
svn2,1
bvg8,1
fcz,1
by5g,1
w65n,1
5d7f1,1
mjerÔbpe,1
4wpp,1
zt,5
Ñ¥t,1
96Ê„u,1
lk_Ä³,1
csl7w5,1
y1x,1
xoe,1
yhh,1
ihsy,1
h5odİŸ,1
rÃ¸,1
pafgg29,1
hcr,1
dkb,1
3b7,1
cl,2
zd,6
Î¸r,1
È,1
srqz,1
zx9l,1
nd1j,1
rc5ï½…,1
dj,3
veve,1
çº¼,1
uoff,1
xsr,1
qca,1
è¶—j,1
m7,4
tbq,1
uÑ¡gy,1
j3,4
r_,5
8tmeÏ‚,1
gß‚l,1
vvp,1
ä¾©,1
ayjrÒ—,1
48×¦,1
5Ç§mh,1
x5Òp,1
Ôo,1
xÈ¥,1
6h,4
4t,4
bun,1
Ş„,3
hxxuk,1
eÅ“,1
i2ug,1
lhxq,1
skuir,1
dfİ–,1
m32am,1
sjå€¯t,1
flc,1
ã¿«,1
ljhus,1
ea2436j7w_w,1
iÇ,1
9si3Ú•,1
vdn,1
hmÊ·dfxÚ‘,1
bÇ»ayg,1
xui_×¥tæ–²iÜ”,1
6t,1
ln,3
8ci,1
xnm,1
ï¶µjv,1
2la,1
uqÕ¤4,1
è²„,1
wdfw,1
ß‘,1
33x_2v,1
×š,1
lcf,1
rdÒ“gÎ·5o,1
dÆl,1
o3n5,1
pnyn8j,1
hgj,1
ufs,1
f2r,1
5hÕ²x,1
×›u,1
pwto,1
mÈ¼,1
jÓy,1
_j,5
4e,1
v5,5
hvyx,1
r3kw,1
xi5,1
haf,1
Ú€,7
4sdk,1
Ú¨y,1
tpf,1
01mmp,1
Ã¸ec,1
u5o,1
uvvs0p,1
u6n,1
pgl,1
mÓ±,1
8o,5
tpn,1
Ú¶a,1
nto,1
Ñngg,1
zsp,1
2b,3
7äš¹l,1
hsbrv,1
ynx53,1
fË ej9l2,1
hjjo9,1
vvr,1
126,2
127,2
3121,1
xzr,1
hhs,1
btv,1
ju203,1
8ta,1
jmx,1
8v,2
xvnepz,1
njkeq,1
yra,1
ugm,1
ixqjl,1
qu3iim,1
esh,1
tgj,1
tjl,1
uw,3
7ti,1
dh_1tvkÃ¾,1
1_,2
8lcy,1
Å¾×§,1
Ê¥yx,1
á•l,1
xĞ¾gÕ®y,1
ruas,1
9Ø¼,1
mr2a,1
ì …,1
dyn,1
Ïˆf,1
sjn,1
yferrsq,1
ki,5
tfy,1
1d4,1
lè°«a,1
5dc,1
vcm,1
1xf,1
x3,5
3dbÑ¡xkc,1
æ–…h,1
eìš¹,1
_jt,1
o1pd,1
0zkf,1
Ø²fawx,1
9iz4,1
p1w,1
z3q,1
2rs,1
gfrkqÈ‡,1
mmk6,1
evz,1
zsÔ¯,1
v2v,1
efvdv,1
mÎ¾rvx,1
Õ¹rxj,1
ui,8
wÚ¼,1
p6ozpw,1
Êµy,1
Æ´zx,1
r2È‰d,1
2i9Ç,1
smd,1
drivs,1
è¸j,1
iol,1
zbx,1
qv1,1
pjn,1
gdl,1
bqqÇ«xr,1
6lr,1
È¸1t,1
gÚ¤ub1,1
dirh,1
hmjÏ³,1
Ù ,1
yvb4uĞ¹,1
4ma1r,1
Å‘g,1
Ğµ,1
tzkÏË¢,1
5nr,1
mncw,1
py3pÊ©p,1
Ü—v8,1
esl,1
drl8z,1
dax05kx,1
sggf,1
ulz,1
bgj,1
p4tr,1
2_,1
0Î®_,1
_k9,1
ì¯¨2,1
0t,3
èˆ˜g,1
cme,1
ged,1
ppeq,1
nyh5u,1
h4,3
ä¾²,1
_y8,1
bgqb,1
Ïe,1
rvgÏ„,1
4ptzh8z,1
eué®¤,1
ykjrnfi,1
pbn,1
ß¡k,1
xÄ‡,1
zxx,1
uu0,1
5qzc,1
w0at1,1
l9q,1
İ›,2
7aÃ¯d,1
vÆˆ4uvu0j,1
em6tat,1
èš±,1
tpl,1
Ë ,5
Ã¤mr5,1
xdoy,1
h0_vwl,1
pfÊ ,1
i5u,1
á™¯,1
mv_,1
4Ş—,1
128,3
129,2
130,2
131,2
1529,1
xhx,1
İ¤,3
mÅ¿,1
Æ´ih,1
kz5,1
btx,1
afl,1
q8,3
i1l,1
ëƒ6Õ´,1
l4b,1
3qqkbeyä«,1
Ñ»l,1
fÆ¥,1
ylv,1
bve3,1
ÓŸ3,1
kbcuum,1
ruqm,1
wbdo,1
46Î¬,1
8wÙ¦,1
jr9g,1
krÃ°j,1
puf,1
yz9,1
ma,3
1sis,1
5xx,1
Ü—yh,1
nnkkcoa7İ±,1
dgnrËÅ©,1
ufzsp,1
yyyØµ,1
snk,1
aszl,1
vÎ´,1
×¨gy,1
qçŒ±1,1
sbİ–dqq,1
äš³,1
nÒ±,1
dhv,1
Ï–,4
m9v_,1
sj7,1
fzfxj8zv,1
Èƒn,1
8aa,1
cvrzfoÔ™p,1
lukn,1
xl,3
nmnwhà ,1
aÜ«fsna0td,1
yzer,1
aw,8
ujtaqjn,1
Ë‰dm,1
aÒ½,1
wv8,1
qg4mÈ­,1
le,8
e_g,1
4yi5,1
ovdfh,1
cnÒ¡i,1
x_d,1
zÃ¯Î,1
85x,1
yÔ‰,1
fgv,1
lm,4
132,27
133,26
r10,25
134,26
r12,24
135,25
r19,24
136,25
r26,13
137,14
r39,8
138,9
r84,1
139,2
r117,1
140,2
r116,1
141,2
r115,1
142,2
r145,1
143,2
r148,3
144,4
r162,1
145,2
r202,1
146,2
r218,1
147,2
r217,1
148,2
r216,1
149,2
r215,1
150,2
r214,1
151,2
normal,1
opm,1
true,4
basefont,11
zccjty,2
cambria,2
fontdescriptor,18
152,2
tounicode,6
153,2
firstchar,7
lastchar,7
widths,7
220,2
332,1
623,3
662,2
575,1
324,1
681,1
653,2
568,1
496,1
593,2
648,1
truetype,4
vxchsk,2
calibri,9
154,2
155,2
188,2
715,3
682,1
221,2
303,3
498,5
250,4
306,2
252,4
386,1
507,31
268,2
463,2
579,3
544,2
533,2
615,1
488,2
459,4
631,2
319,1
520,3
420,1
855,2
646,1
517,2
673,1
543,2
487,2
642,1
567,2
890,2
519,1
468,1
479,2
525,12
423,3
305,2
471,2
229,4
239,2
455,2
799,2
527,2
349,3
391,2
335,2
452,1
433,2
453,2
395,1
422,1
jcdolb,2
bold,4
156,2
157,2
258,2
267,2
276,1
606,1
561,1
529,1
630,1
637,1
547,1
874,1
659,1
676,1
532,1
686,1
563,1
473,2
591,1
906,1
551,1
478,1
494,1
418,1
474,2
246,2
813,1
538,1
399,1
347,1
745,1
397,1
ztuyex,2
italic,2
158,2
159,2
fcvxmw,2
arial,4
160,2
278,9
encoding,5
winansiencoding,3
type1,3
cglytu,3
161,4
identity,6
descendantfonts,2
162,2
type0,2
image,10
colorspace,10
width,10
492,2
height,10
270,1
bitspercomponent,10
decodeparms,1
predictor,1
columns,1
colors,1
12849,1
×™,1
n3c,1
ecl,1
aŞ„h,1
nwonİ´w2,1
Êqf5,1
0s,4
sayİ£o,1
qÛŠs8Ó½,1
adcu,1
z64h,1
zkjh,1
aÄƒ,1
ë¯¿,1
1b_,1
zj,5
Ğ¼2,1
6q8a,1
qÄ³j,1
jkk,1
nh_,1
heh,1
kbÜ¨y,1
92h,1
ê¶¢,1
zzgsæ™»Â¾,1
3r,14
Ô×–,1
Ş†,2
wb,7
h5ã–¨f,1
q9y,1
Ù»iiyyy,1
Û´,1
1bd,1
É©xjc,1
aÒ³yi,1
rqv,1
yÆ»,1
x9uk,1
7wf,1
v2zs,1
yÊ•,1
as_,1
wu×©j,1
mfq7fa3x,1
tÔ§7Ñ,1
h2_z,1
5lØ°ë¯¿,1
6vh,1
assq,1
kzm,1
ido,1
ob5dÈ·qfh,1
8fi,1
q2y,1
efg,1
Ë,3
eu8cbh,1
8ad,1
43h,1
goje_xa,1
qxz,1
Ä³æ¬aj,1
cjÖ€,1
4_p,1
ovdi,1
ß¥kÊ,1
gtm8q8i,1
1fnjq,1
Ñss,1
á®¯d,1
Ä§dt,1
qchf,1
_ui,1
w0,4
nh1j,1
mÏ§o2,1
jÏ–,1
udh,2
jjkÑ‡_,1
qÄ“,1
hq1n,1
vÇ†,1
zzgsæ™»n,1
hhi,1
www,1
mÛŠ,1
Å‹,3
p9v,1
twt6,1
jyã–¾,1
4hÄ‰,1
bsl,2
baÄ§dsâ±¥in,1
e5q,1
k9,2
2drvz,1
imá¼³,1
Õ¬,3
mb,3
İ¦,1
qyfe,1
dÓ¡l9k,1
y7cq,1
wÇ˜8w,1
pxdr,1
39z,1
qjj,1
uor,2
rvo,1
zopeÊ™qfuİ¬n,1
rftmgkj,1
uwmb,1
d0n,1
ot53gp,1
qo,6
arh,1
a4,2
Ê Ä·,1
q_yt,1
xá¿ƒjvm,1
gÒd,1
t_m,1
å“¸q6ww,1
zdee,1
okzz,1
vrft,1
5ÉbĞ²,1
to_,1
Ò¿,3
7xc,1
lŞˆl,1
pc_,1
5z,3
Ï§z,1
vÜ©,1
4Ç¿,1
Ê®,1
qk,6
mgkk,1
eam,1
nbju,1
eÊ,1
Ò—5,1
p8,3
q8v,1
Ã½,2
urm,1
jhqÃ±,1
Ê‚td5,1
qÛºgg,1
Ê‡s,2
tgds,1
qlc,1
Ê·_r,1
9y,1
lisx,1
Ç¥85,1
rË,1
jqd,1
_xa6,1
hjw,1
fÊ¢,1
q1nÔ­in,1
_hhs5qyv,1
yÑ£o,1
Î,2
nni,1
oovt,1
gar,1
t6fa,1
m_Ú·,1
iê–tj,1
6fk,1
qÉ²xx,1
n5u,2
Ğ»hr5,1
8gu,1
l9_,1
2p,1
iyg,1
ka,6
q5gm,1
4ç·¿,1
kÇ–,1
bbo_,1
747,2
p0a,1
ß€j,1
nmá»§,1
7tÅ›b,1
vem,1
cÄ‹q,1
dge,1
Ù½,3
fpkÓ¿,1
ns8,1
Ï¡,4
znÑ‰,1
2wr,1
Ñ6,1
5p6y,1
xqi,1
8Ã²Ãµ,1
joim,1
jÒµ,1
Ä·nu,1
kxfr,1
pmxh,1
vÂºc,1
q8v1,1
ÇšsÖ€,1
qcer,1
alx,1
6Õ¢,1
mÇ–,1
scshf0,1
au1,1
0a,8
91e,1
xsn,1
ê¢,1
jgc,1
_6q8v,1
f0dnj,1
q_s,1
_Ò,1
bxh,1
qto,1
iyk,3
xvvv,1
cmmÒ¥kl,1
eÄ¯,1
Ú¥cÇ_,1
lgy,1
j5bla,1
o4i,1
sn5m,1
ox7nmt,1
b5,2
Å¡oÈ£,1
ÄŸky,1
mjeqkq98,1
nnqÈ£,1
5q,1
hjpf,1
Ú‹i,1
4j2pv,1
qbluw,1
gÃ¸9oa,1
Ş‚j,1
bÇš,1
Ä—b,1
_6,4
sxz6,1
5qÛ‡,1
i7,1
Ï­,1
_jÃ´pg,1
Ôrj,1
ä•¦9o,1
hnxh,1
Ã°ex,1
6l,3
_l5q,1
kn9w,1
6Çš,1
05q,1
9x2h,1
q4xb,1
Ó•,4
onj,1
ß—gt,1
s9ob,1
pŞ„r,1
kdÉ»m,1
7jv,1
3gqi,1
fÅˆawr,1
sí™‰mxx,1
xäŠo,1
kj2,1
8qÑ½,1
7t,3
upm,1
Äºn,1
lun,1
q4,4
fgr7iy,1
hrh,1
Ô—w,1
Ó¡j,1
joh,1
Û,1
fsl,1
Ó‚k,1
ÄÄ«,1
iiiyyy,1
tj9,1
blxm_d,1
1b_l,1
5ug,1
jth,1
Ş€fa,1
2tgr,1
bprs,1
Ï—,1
irp,1
vpÚœe,1
ŞŠjls,1
qofz,1
8Ò±,1
tgch,1
6cjt,1
eÄ¥j,1
Ï‰b,1
Û„,3
cpmc,1
Ñµ9k35,1
8iÔ‡,1
g_Öƒovbg,1
ujkqmeÄ¥Ä‹i,1
lnc7,1
3tc,1
e8e,1
isÖƒ,1
x6cjpnmÈ¹tibsc_iv,1
gc7b,1
l7,7
pÆ…,1
_×¤,1
ÏÇ”bÅ©Ä,1
thf,2
6yÆš5m,1
9g_i,1
nbÅºo6,1
nzÄ›,1
thq,1
_Û´,1
Úœ,1
b78gÑ¹,1
Äºd,1
Î±,2
_È,1
206,1
77wp,1
sÊ•k,1
ŞŒ6,1
nn5_,1
kyÇ,1
_vx,1
8g9o,1
Ò¥iÈ­,1
wol,1
l4,4
_v,2
bppÊƒh,1
knÄ,1
8j,1
t80,1
ltß“ix8,1
Ê‡e,1
Í´,2
Êƒsdf,1
wq8,1
9Ùƒy,2
uÄf,1
Üœk,1
njf,1
jd2w,1
qxe,1
rzp,1
_Ü”,1
ypj,1
6hq,1
q8vsmÒ³,1
yÑ,1
q2Ñš8,1
c2z,1
cco,1
fogbpsi,1
8fawia,1
8ê‰™,1
ìv,1
qf5,1
fac,1
Ş€dxm,1
lfwv,1
rog,1
yæ®«,1
ere6,1
Ğ¾,4
p5q,1
Ã±Ç–,1
2Å³,1
llg,1
Ë mtb,1
cÄ‡,1
53yf,1
zkrh,1
f5bc,1
fÇ¥e,1
kna,1
Ø´,1
okË‹s,1
_xb,1
2dÈ‘,1
nnc,1
it2,1
zsas,1
Ñ€a,2
w1vl,1
Ã£o8Üœ,1
xdy4,1
c3qsh,1
g01i,1
Ä“aqj,1
n8b,1
aum,1
nny,1
Óˆ,1
xxÃ¨w,1
ß‡zl325,1
fjog,1
gcopm,1
amtx,1
q9e,1
sga,1
eviknxm,1
á±“Ä,1
s94,1
İš,2
_kqc,1
ÇŸj,1
6o1,1
s5q,1
uqx,1
c87i9i,1
Ä…É§8,1
jxxylc8,1
wÇ°,1
Úœ_Ô¯,1
ta_,1
Üœ,3
ÇŸr,2
kl3,1
q2,3
7iæ‘©,1
yÛ…ÇŸj,1
fcry,1
Û‚4,1
f6td,1
Ä…,3
psqqqco,1
Ø©,1
iak,1
yyysss,1
tr4w,1
xÄ‰,1
Ó©f,1
kafv,1
Ø±c,1
_wuzjx,1
zo4i,1
sn5,1
npqs,1
x5qdz,1
p9n_v0h9,1
q88,1
uÃ¨,2
ke1,1
zdxb7,1
Èƒ,3
qsx,1
xip,1
Ü’f,2
08twri,1
ymz,1
mri,1
bsÊ´,1
zsi0,1
æ´Šku,1
pê—¢,1
q1n,1
3gÊŠ9r6p,1
Å™Ôƒ,1
ionwg,1
6eiy,1
gxÄl,1
nwc,1
fÇœsr,1
sgdse,1
8racf,1
wzØ°a6,1
á‹y,1
lxo,1
Ê±3,1
s6tq,1
nuuuaaa,1
È¯,2
p0,9
hìv,1
_db,1
roulkaqw,1
É¿,1
gcx,1
uihn,1
6Õ±,1
ujx,1
Æ´lyiq,1
ğ’œ,1
nÎ­,1
ä„,1
r5a,1
rvbo_sjcgn,1
6bÇ©7x,1
3km,1
rvz,1
wrx,1
qou,1
iylm,1
qon,1
0sr,1
zsw,1
kzau,1
9d,2
Ñ”y,1
Î¾a,1
Ü5,1
6w,2
an8k,1
pÇ»,1
or,5
Ô,2
5ont8i,1
d8,3
Í³wiÚ,1
ywwnl,1
dav,1
ola,1
xm,12
rÊ‘c,1
Ë¡mk,1
so_,1
yswÒ·2w,1
sÈ›Ó›,1
7ÚŸno,1
367,2
interpolate,3
dctdecode,9
6088,1
adobe,11
3br,9
456789,9
cdefghijstuvwxyzcdefghijstuvwxyz,18
56789,9
Ï°,2
txzé‹£iprbq,1
Ê‚c5,1
zud,1
gng42,1
im_8buq9É am,1
myw_,1
5rq,1
lzfÛ,1
o9f×,1
a6,2
ayao9Û°o9,1
58y,1
ß,1
oht,1
si,5
Òmj,1
qko,1
bÓŸ_,1
myw,1
×£,3
Íº,2
m_Ê€,1
ejzb,1
bxo2,1
khr,1
nyz3,1
j7f1,1
oÜ©,1
d0h,1
ymd,1
Ê‚691,1
2jqza,1
Êºw,1
8q,7
gbs,1
Û€z,1
tÅ³É’v,1
ocz,1
sÑ¹,1
moi,1
æ™£,1
0Æ½,1
uÕ¤rf,1
tfÒf9,1
ÛŒ,2
saj,1
2jm,1
tu9,1
emn,1
1sp,1
komc,1
qvnp,1
3cz3l,1
dzz3,1
kmi,1
wmr,1
rhx4r,1
Ï„t,2
y2lk,1
2lnwck,1
wy_s,1
Ï°q2hg,1
Î¿czv,1
rw8,1
ubz,1
İcse,1
İ½on,1
É‚,2
2kj,1
Õ·t,1
cqa,1
xtm,1
Ö€,9
csg,1
Ú€251Û¸,1
zon,1
z8nyx,1
Ú€6,2
p3,4
hgq,1
ié™,1
ph9,1
mqÈ¯,1
Éµzw1mæº,1
mbjd,1
Ş,2
Å¼Ó¡mr9,1
bac,1
m7rikf,1
sjr15i,1
wkgy,1
9Ô¯,1
Ú™Ü¬,1
eÚ„bsvlj,1
Ê,1
Ó§,2
y_Ê“,1
d1sez,1
ai8t,1
r7u,1
É›,2
Ï–z,1
xja,1
É¯e,1
zvmÛ´vgy,1
mjmg,1
sÜ,1
nnx,1
sxfÕ·c,1
j2Ï™z,1
_s,4
kaf4,1
nklÛ,1
qawhaq,1
Í»,5
vlln,1
ch6q,1
9f,2
dfag,1
yp,5
Å§,1
rfgh,1
eŞ¤zq,1
lÑ–ÇšgÆd,1
Ù¡o,1
vi3,1
dzotÓŒomk,1
tr9,1
wÚºgy,1
ts,5
gwle,1
Ûis,1
jw7zu,1
3fyv,1
muvbs,1
oÏ™,1
Ú–8,1
ã¯˜,1
_Ø ,1
xÇ”,1
trn,1
sÉ,2
rwe,1
yxks,1
xttc,1
ajgq_,1
Æ¿4,1
tm1nl,1
í ,1
ê¶š,1
È£Ä³,1
caj,1
mc×¥,1
Í¼9,1
xÙ¤q9,1
æ»ç€,1
_h,8
p9dã“9,1
hÕ¤,1
9bue,1
3agp,1
h5a,1
eá©ˆgsiii,1
Å•İœw,1
ã–,1
fgeaa,1
cvyÒ,1
342,1
219,1
12156,1
vè–ŸhÓµ,1
kzÆi,1
Êª,2
Ñ€,6
basm,1
aÇŸ,1
aqu,1
wsfa,1
8Î¸,1
gbc,1
Õª,3
jÛ±,1
ejn,1
İ«,1
Ú·,4
_Ú‡,1
ptÑ˜,1
Ú†,2
gç¿Ÿ,1
sjv,1
nç¾•q,1
ã®•s,1
7c,2
vé‹,1
k2n,1
azj7,1
ilub,1
jo4,1
æ€°p,1
lyn,1
dp,4
bzn,1
ä–ˆ,1
ÒŞ€,1
1axi,1
å¼,1
Ó‘,2
awgh,1
Ñ›Üš,1
ß ,2
ybuc,1
vÚ¥5,1
9h,6
omi,1
opgc,1
3tİ‘u,1
Å¡,5
Ş€2,1
Úƒ5,1
m2g,1
w5h,1
fnu,1
egdu,1
5ib,1
e98,1
ÈŸu0h,1
_0jh,1
ic0,1
3Ó,1
Ê²_,1
xß™,1
4ikx,1
gp5,1
w1s,1
vç¹g,1
bssfoc,1
é§°nb,1
xlrfef,1
0Ù¼i,1
xÒ25mn,1
bzv,1
Ï—mnq,1
z4yu,1
Ñ’1,1
vhÊ£s,1
Ã¤imdÑµmb,1
uuvi,1
bhm,1
f3g,1
85mf,1
Ñ’,3
qxÕ™,1
h4g,1
snmkd,1
s8,5
rbnh,1
é ,1
Ç¥09,1
Ï‹xfyl_,1
_b3,1
Ä«cÑ’,1
Ñ‚4h,1
ov_s,1
Ş€,5
hÉµ,1
u9Ê€5p3,1
fw,3
zÜ¯,1
on6l,1
Ç‰3,1
vuu,1
Ô‘ln,1
Ê¢b,1
geu,1
sru8nb,1
uf,7
2zw4,1
Û¯ub0,1
cÒ,1
vk,6
mmfqz,1
xp7m,1
dw_,1
hp0,1
Ï‹,3
Åˆ,3
hkyd,1
Ò,3
n05,1
b3lp,1
p2t8j,1
Î¾,4
é¤‡,1
9w7h,1
oems,1
l0az,1
uİ·ii,1
cÉ ,1
goq,2
qÛ·,1
1ttzlm,1
9ekx,1
cÇœÇ¿6,1
Ï¥,1
É£,2
hqx3hvt,1
zzp,1
Ñ†5h,1
1j1,1
Å¼b,1
Ü«j,1
zÆªt,1
phj,1
ÊŒ,2
va,5
ivpj,1
hÑ‹,1
xfÔ‰,1
hêˆ—1,1
Æ€v,1
Ò±,1
d9c,1
lsu,1
kcz5,1
gÚ€0í,1
aeup,1
bpjd,1
h7,4
g9k,1
n1n,1
mkl,1
d6boh,1
i_x,1
Ş™,2
é£¤s,1
aiiÉ“,1
6bÏŸ,1
gÓ¡ikd,1
mgp,1
Éº,1
cqemjgi,1
iä‚,1
cqm,1
Ğ±sppi8,1
lzÆ£,1
by0_,1
Ñ»t,1
yİ¤1,1
Å€e7Ä•,1
ã¸ xÖ…,1
Ñuc,1
zej,1
xf1,1
guet,1
bÅ†8,1
fumrh,1
z89,1
ÓŸxm,1
anpd,1
h_0,1
fmmk,1
psŞ€,1
cza,1
o88gj,1
01i,1
inÆ°Äƒ,1
Ó›,4
xÛ…x,1
ht,4
ifhf,1
nq4z,1
gm3,1
Ş,2
aza,1
tqhv,1
zdt3Ñœ0x,1
cot,1
yng,1
cyn,1
Ï—ß¥,1
ç¯­,1
Ó±,2
Òg,1
k1_,1
pÓ¿,2
oÙ³,1
ß•,1
bzw,1
mb5,1
æ€°,1
ioa,1
Ç³,5
0g,4
gİ·,1
6ih,1
ocÆˆb,1
bqs,1
Şx4,1
vÇœw,1
gm,5
xabp,1
hxpj,1
pÑœi,1
tah,1
ß,3
f5,5
ir7a,1
nbyq,1
h2x,1
mf3,1
0Êº,1
qufk,1
ras,2
evoi,1
xp1,1
Æ°ink,1
8ax,1
Ñ¥91,1
qkagm,1
lxiz,1
2t,3
yfkdn,1
wz,8
y5bx,1
Ä±,1
ftjsgl,1
q2qkpq5z,1
Ê°gz,1
mÉ­e,1
2i,3
0Î»yz,1
íƒ9cu2u,1
Ê€7b,1
wgweg,1
qg4,1
m5m,1
eÛ¸m,1
wgcg,1
qÚ€5,1
kkm,1
fÇ§jlÓµ,1
7ì¡±,1
ka9,2
4sfq,1
weo2,1
dql,1
jycg,1
1ch,1
eymq,1
yÙ±,1
ßŒp,1
sen1,1
6qz,1
y2i,1
Åµ,4
eÊ¶ÇŸ,1
mfw,1
_nds,1
7mzÔ™a,1
f5h,1
mæ²¶u1d,1
bgoh,1
35fix,1
xo0s,1
iv3,1
Å€pj,1
Ù‚,1
qibc26irbpxÇ¡,1
k_Æ¶s,1
Ù¿p,1
é·§8,1
bë”¼f,1
mÅ¾,1
2v,8
vqs,1
zdb,1
Ú hÆ»,1
wÚ²y,1
85dbdx,1
Ş˜,1
Ò™,1
riexg,1
2r,4
me9,1
1fÄ‘zÅ¾,1
yjim,1
2_ix8z,1
aqeisv,1
Ä•,3
3ox8,1
Å¼,3
vennggxÆ,1
hm5aiv,1
im1,1
bmf,1
Ú,1
kÎ²Ç†,1
bb2s,1
kvf,2
Ñµr,1
aÙÏ¡,1
v2ep7,1
waz,1
p1s,1
qÃ¬z,1
qotÚ…,1
pb,4
Ó¯riv,1
h6rf994,1
É“h,1
gxÚ€,1
4kswo,1
nb1a,1
Ñ½4,1
dmv,1
Ü’,2
qsm,1
ukn1ßŠ,1
o4y,1
Ó­,2
Ç©ybh,1
ß¨,1
gjj,1
wŞ,1
ghz,1
3hw,1
1fo1z1ldu,1
i5itsy,1
d3b,1
7kÈ©,1
hj6g,1
ryÅ€,1
Ñ£s,1
cq4,1
pi6,1
mgzx,1
cz,6
Ï1Ó­,1
oe,3
sju,1
hoqo,1
ß¦,1
ç­o,1
lw4a1,1
Û¹it,1
È›v,1
ŞŸ,3
é¬Ÿm,1
Æ•s,1
msymfrew9,1
Éµjo,1
krtp,1
İ«g,2
Ø§,1
Ò7,1
w2_c8gp,1
fz5,1
r30c,1
mfq,2
vj,5
sÒ½oa,1
bk6,2
koÊ›b,1
uÔ…,1
f9,4
lap,1
rsÒ¯b,1
f2te,1
qoqo,1
izg,1
jlc9r,1
xwe,1
9xx,1
fdb,1
xjÏ«x,1
emw,1
12995,1
5Ä©,1
9r7,1
qÒ,1
b5omv,1
rvíŒŸj,1
kio6_,1
pou,1
qab,1
wvpÄ“,1
cwizm,1
mowd,1
i_,2
Ã±ÓŠ,1
Úr,1
ÏŒ_,1
p9,6
rŞ’,1
_gt,1
È¯4,2
3ji9,1
É“Ä,1
É“,3
2gm,1
bgxÓ½,1
kÕ¡id,1
yÇ§,1
mlj8,1
yyp,1
9dxi,1
5y6r,1
_8,1
Äƒock,1
lÆ´,1
sci,1
paĞ¼h,1
sÉs,1
Ö€4,1
aih,1
Æ¡,1
dqÈ,1
9u,1
uks,1
pmz,1
Ê€emdgqÏ¥,1
è¶ f,1
fx7h,1
Ú€4oj,1
n1,3
Å™,2
biss,1
s_3z,1
Õ¥,1
2z9,1
Ş€7,2
xnch,1
jvz,1
Ç¥Ï³,1
tl6,1
alcd,1
lvngl8,1
mvxp,1
Í³8,1
hv,5
Ê€e,1
cbx,1
Úg,1
pgh,1
gbx,1
Ú€4j,1
xÜœt,1
cf6gx,1
è· ,1
Õ¤j,1
h2mc,1
owkm,1
Ê‘f9c,1
Õ¸,2
pt_,1
h×–1ÑŸ,1
Ø®,1
csr8fq,1
cb_u,1
xhh,1
acc,1
7qd,1
shÄ,1
dÕ­,1
rymxs,1
rwjg,1
cèºè¶ª,1
u8,2
uk2,1
1Ñ§,1
cwzy,1
jsd,1
fÊx,1
lÕ¯,1
Ú¡r,1
Ç¿j,1
ieks89Ú¸x,1
o_z,1
Õ¦z,1
hÃ¾2Ï³,1
Î´1r,1
jÑŒ5n2,1
iiro,1
_bac,1
t24j,1
3a,3
vlm,1
ijvo,1
p2m,1
3sk,1
8e,5
yÆ¥,1
i4,5
eÅ›,1
bä›ˆ,1
6uqu,1
dyÏ©,1
Ê2,1
Ê€f,1
Ø fg,1
uff3,1
h3g,1
cbm,1
ãƒs,1
kb34x,1
nnì¡¸Ê,1
İ­,1
xgo,1
Ï•_,1
Ô,2
d7g,1
tÍ½,1
Ñµbii,1
ÑµØ¦yhu,1
zyk,1
è§ ,1
_g4pxÓ­,1
ebÇ¡qm,1
2gymy,1
7cŞ¥,1
6von,1
gyu,1
hcdl,1
Å†s,1
xxØ­pw,1
Ã¿p,1
Õ·,2
Û¿,2
le3,1
v_,3
sŞ€p,1
kÆ€,1
ğ ¡¦vË¤,1
phl1,1
uÏ‡,1
4ec,1
x_j_,1
sjd,1
Ä›o,1
04Óµ,1
qsÒ,1
É¯edÓµ,1
Ét9a,1
qß§Ò3gÃ²,1
Ów,1
z5ixs,1
0Óµdy_lvi,1
s1a7,1
yexldy,1
İ¦fvl6o,1
c4c,1
m295uo1Æh,1
kvÑ€,1
x8g7,1
2ny,1
lÓ„u,1
Ú¦qq,1
zkÚ°h,1
4Ğ´km,1
jppp,1
ifk,1
qiÓ“,1
uvÉ³,1
ß›4,1
ÓŸl,1
mzkÇ³kanh2,1
Ç©h,1
ppgÚ€,1
Ë€,1
7vf,1
licp,1
Ã¦,2
Ï©z,1
o5l,1
bfhØ³,1
z52,1
× ,4
dÕ·,1
pmmu,1
oÊ€,1
Ú­,3
jji,1
iax,1
Î½aqw,1
Ñƒ4,2
aÒ«m,1
ilg9,1
w4io,1
i21,1
Ú”,1
pd4qp,1
tfu,1
r3m,1
Äºfo,1
iz3is,1
hqÖ,1
vhv,1
lyÛ‰o,1
w1Ñ‰,1
up1,1
vÓŒ2,1
Í¼,3
gÉ™,1
g9,3
eë‹ˆmm,1
cwg,1
omn,1
Î°,4
4tfç6,1
Ó¿c1,1
mr66,1
y0aÙ¤,1
Ã¶ysr,1
é‘l,1
mÊ‘,1
É´ÒŸpoä‘Ÿr,1
yfp,1
b8cq,1
ysu,1
a_g,1
3e,1
k7j,1
kym,1
ygd9,1
x_h,2
nÉ­n,1
0sŞ€em,1
ÖÚ€3,1
v4ll,1
ê¶ºq,1
y84,1
0É–f,1
_Î­dq,1
3k,3
Ã¶,1
nx_,1
Ò¯o,1
Ã±h,2
bn4,1
ihbli,1
nÙ®,1
dxw,1
n5ë±,1
Ôhxd,1
5k,3
agc,1
yà¹“,1
aß§z,1
jzh,1
Ï¸Ğ·q,1
ì©Œh0cj,1
dse,1
bvm,1
moo,1
mrÉ¯,1
nÃ¨,1
jgx9,1
vfl,1
1umjobtq,1
ibsa,1
tdcÔŸ,1
u7d,1
hĞ¹a,1
iyza,1
no,9
ivud,1
grq3d,1
mnp,1
Ú‚,1
tocp,1
saÊ,1
Ö€3t,1
r5yb,1
ao,7
w6Ú‰,1
vwy,1
i6x,1
iv2fç¬·j,1
gÒ,1
Óµkiç»•g3i,1
È¿,2
fx9,1
sÇ»,1
è´½b,1
jscz,1
kyo,1
ÒµÚ¨w,1
mn4,1
8Æ€0Æ«,1
k_0,1
fsŞvpl,1
qbÒ,1
ìƒÒ,1
sÕ¶k,1
gÈ›5,1
z6,1
Äoi,1
zrÜ”,1
coq,1
É¥e,1
yddİ,1
ziq,1
jæ˜,1
Ø ,2
uÄ—dg,1
3q,3
3×§,1
É“k,1
ã« ,1
ÓµcÔ¥,1
ßŸ,3
yvvq,1
Öxl5kh,1
Ó§5o,1
0kd,1
Ô­,2
q×š,1
fil,1
Í±e,1
stg,1
Ë®,1
g7ru,1
5fh,1
Ó¯,2
lr4b,1
5p,7
lppb,1
l5y,1
mncc,1
wgyitÑ€d2m,1
×¯nt,1
Ã½bx,1
inow,1
6mv,1
so3x,1
sk4,1
1å«–,1
Ò‹z,1
É1yÖ,1
İ‘,2
yxiha,1
60o,1
uquf,1
ole,1
È›kgp,1
ayqjqe,3
cambriamath,3
163,2
164,2
nghupi,2
165,3
438,1
249,1
19845,1
fdx,1
as6,1
z6y4,1
É¶wa,1
hk,7
wwgd,1
fcpdb2,1
tÛ»rz,1
tê´¾,1
å·gczvz,1
Ä™xlep,1
x89_,1
8_m,1
kuymÓ†ok,1
Üšnd4,1
3bÒ•t,1
5Ø¯tmu,1
viÒ³qkk,1
Ò“w,1
rfÑ2s,1
hÔ“,1
àº•rĞ¼o,1
Ğµbx,1
ni8,1
vp2dvin,1
tå­Ÿß¥,1
rÚ–cg,1
gÛŒ,1
Ê‚u,1
foot,1
Úºv,1
dæ´¾tv,1
é¡”hv,1
cpl0,1
wu×“oã¯‘,1
eg3m,1
die,1
nwoha,1
xp0,1
gxk,1
Ú ,1
ocyfsk,1
å±´,1
Ü˜,1
Ï»,2
vjqv,1
oo7,1
xc89Ø¼xÓ»,1
å·»,1
yqÃ¨b,1
nmrv,1
swmki,1
jzeÅvk,1
Ê—,1
rsnjm,1
q_r,1
mrieh,1
srpp,1
9yy,1
kç™‚,1
Ë†,2
Åºí…º,1
cxdsm,1
xsp,1
znÉ²ijl,1
adc,1
Ò¡hr60,1
ç£‹_7dzwwtr,1
7e,2
ß‰,2
ihÚœ,1
1ff,1
Ê¡z×–,1
7ntn,1
ongx,1
gnm5Éµ,1
Å,1
q49vr,1
là²•2,1
znz,1
iw6,1
1ßª,1
Ş ,2
4kwck,1
xwy,1
s×§,1
qtr,2
erc,1
sam_j,1
xuapm,1
ê»‡5s,1
oë¦,1
qÄ³fh,1
ppnfrw,1
Òµ,2
9ffm,1
æ²¶,1
tdg,1
zyzu,1
Ù¿o,1
dÕ»,1
o1Ó¯,1
è¦–,1
ty_skÏ²znh,1
É—v,1
Ï»×,1
i6vkzØ©,1
è–ºn,1
dwj,1
mzkk,1
Ô“s,1
1io,1
Ê’å”“zh,1
j1o,1
vÆ°,1
cfzÕ¾,1
uoå½§hz,1
ogtmh,1
İ¿txt,1
rc8,1
kf_1uq,1
zzmn,1
Ï£gmii63,1
nbch,1
9ka,1
u4w,1
qvdw,1
6yj,1
zb2,1
k4pihÔe,1
j1wq,1
jã¨s,1
acogtrs,1
Ğ¼o,1
6km,2
szc,1
0_kÕ§ukm,1
Ñ–,3
gv_,1
rÆ€o,1
l4Ú’,1
Õ¬f,1
__,3
å”ª,1
vo,5
mfji,1
8rfİµ,1
fqxi,1
glvcn,1
no8jk,1
m×Ÿf,1
pbİ sÇ¥5,1
Ã©Ò¿ylwwo,1
cÊœ,1
æº»lwcw,1
m2hÚ¬v,1
vyt4m,1
bt0,1
zpkijs,1
sjİ¾,1
u4lzd,1
dqgqlh7,1
p9rw5,1
zim7,1
ofë®n,1
Ã¨j,1
oms,1
ifhfqc,1
pnpv,1
7fÕº,1
hwuÇ£,1
sÚ¶t,1
ti_,1
vwn,1
Ê¦u,1
zshji,1
3av,1
kvw,1
sqj7kkf,1
ei6,1
× a,2
tÕ¬4,1
Û18,1
jÓ•,1
6mwy2szakrd,1
5ÇŸrwmw,1
z63,1
g_gå§•f,1
nÑ,1
nní‘j,1
3e3e3e3e3e3er,1
gqkÕ¾,1
owi,1
6Î³mÏ¡,1
9w,4
cmc,1
Ô§,1
2fv,1
0rÄ‡,1
wws,1
4oc,1
mlx,1
mÆ¨,1
9rng,1
9Õµsf,1
È³a9s0,1
Î¾z,1
ëª¬teehd,1
Æ,2
ibf03g,1
zf2qbİ,1
a×“,1
m_8oÇ¿,1
v6ÑŸ,1
_t0Ô¡w0uo,1
fgc,1
tqw,1
Ñ©fnefb,1
gÈ,1
7d3p,1
3teutu,1
tr3,1
näµ±,1
vw2,1
pyc,1
t1d,1
r9,4
Ğºimlgp,1
Æ•ß‡,1
2Ê’14d,1
vfÈ±eesy,1
ÇŸ,1
tgjnf,1
45tÔ¥,1
0jnb,1
cfw,1
iybp,1
5tË¤vc,1
É™eu,1
kÎ½,1
hve,1
jsgfrh,1
okÃ³,1
eå¶Ÿ,1
hİ¿gÛ»q,1
rw6,1
mkkva1Û»ru5,1
ë·¦,1
5É©uywi,1
drctjz_oa,1
ecq,1
Ògh,1
wfcmby,1
fxuzÒ“ncf,1
jqÒ•,1
5m,4
vid,1
jwfr,1
f3w2l,1
Ê®p,1
sxİ«,1
Ê»,2
tzy,1
gfzu,1
88oj0Ê«dwg,1
iw_,1
Ù·xs,1
fxcÚ¤,1
n1ß™,1
lÚƒjmo,1
zlkh,1
tŞ¤,1
ï¦›,1
maq,1
igk,1
5uÓ•,1
Ç¯,2
zez8,1
tÒ“æº,1
mÊ…gÊ­,1
izetÈ­o8,1
isÊ¾g,1
yæ¼›f,1
srn,1
pzoÙ¯ujz,1
wvw,1
4uu,1
xĞ³g,1
ä—–Ú›,1
fj5,1
Ù¢,1
csÓµ,1
_qÓ¡cm,1
wuj,1
Éµf,1
4sk,1
Ï³Û¯,1
meq,1
_uyz,1
pgjm,2
Æ›n,1
bÕ´,1
g×£,1
×,2
nÒ¯q,1
sgy5htz4,1
s6kxz,1
u0jyms,1
zÇšÓ§,1
jv_,2
ik,2
é—¶wv,1
1yyr,1
wzzÑµ,1
zmz,1
yrz,1
zgxan,1
É,1
0r9,1
k2zz6,1
grzsid,1
xic0Êµ,1
swk,1
fqk,1
lq7,1
m9,4
bdw,1
s3u,1
d0_,1
7wgju6jrk,1
ß¢é¥•,1
zzw,1
tÊvwma,1
eoc,1
xÆ¿,1
m_hu,1
tinÑ•,1
immzn,1
8Å§,1
Õ·r,1
wup,1
È¯qqv,1
áºn,3
_t_k,1
0w,2
el4p,1
nvw,2
aiiqktd,1
phbw,1
m5Ä,1
6Ê¤,1
Ó„oÔ¡h,1
È¸2f,1
gtje,1
ß§,1
ë¾Ÿ51v2n,1
hctb,1
6g3,1
Åcvã…¼qsc,1
nÔ­k,1
_uv,1
ÄŸdb,1
ç¤§,1
g4q,1
t2k,1
Û·1,1
lrvgky6w,1
yzzh,1
5q669d,1
5ea,1
pfd,1
7jk,1
Ü”Ø·ha,1
f8jrn2,1
vÊ£l,1
ssŞ€n,1
Ø¨s,1
rkl,1
eá¥–8sp,1
Ñ­,3
uug,1
72nj,1
bxy,1
È…w,1
qje,1
o7nc,1
sÉ»,1
Ş€n,1
grf,1
jzo,1
nÄ™d,1
iu_,1
2u_,1
Êƒ3å¸“t_bf,1
siu,1
z6wci6,1
dlqg,1
2in,1
rjt,1
ziong,1
a8i,1
_ds,1
x6È£wÊ§9,1
çšµ,1
rnrvvkopå‹»,1
8Û‡u,1
Ç”,3
jÄ¼,1
ssìš•k,1
rskwiÙ¼,1
jtw,2
6o5f,1
qÒ±,1
Îºxleozjfhlv,1
s5ogodzÕ¢,1
_x,4
dnxgÅº,1
zjiÔ•,1
kÅ¥,1
qwn,1
ftus,1
rpÚ,1
x_,3
vqzsjÂ½xp,1
Ç½,2
zi×Ÿ4Õ¡u,1
x7p,1
pnÎ±,1
Ãºr,1
Ô6zêºvÈ—,1
npk,2
kwfes,1
yÓ©tvn,1
ä¶»rz,1
uÓ¯,1
Ş…zyf,1
bg_,1
oeu1j,1
sÒ£u,1
f5bwjqo,1
5qt,1
ipj,1
pt×©i,1
4zË†,1
x5,4
5q2j,1
7Ñ‘rys5Ó©,1
b1f,1
w70su,1
İ,2
İn,1
Ú¥is,1
h_8,1
yeÊ±,1
n7pmu,1
Ô¯,2
x7qpn,1
yÚ•,1
fqy,1
oeu3j,1
Ïn,1
Ø¨sİ¢,1
cy_sÒ¥cjm,1
Ó¥Ãµi,1
qo6,1
×¡r,1
t5a,1
qva7p,1
xza,1
f8n,1
op4,1
oj2rwgÕ§,1
ÜŸ6o,1
zÓ»sfsÅ«7,1
h3t,1
3xl,1
adf3c,1
jv2y,1
h7ff,1
7Ò³3y,1
vg9,1
wÏ«,1
p0u9è¯•,1
n3l,1
jgwr,1
mev,1
È›tÆšb,1
Ø£a,1
nok,1
goy,1
rwf1unuu,1
q7p,1
tzv,1
ka8uu,1
npe,1
Ñs,1
ryi,1
qvhkq,1
Î¾c,1
_l584x,1
pkb,1
34xbod,1
hni,1
9s8,1
r5yn_,1
Ë‹srul,1
jkg,1
3ea,1
jsua_,1
rmhwŞˆ,1
Êœ0,1
Ô“m,1
x9rrfy,1
nqzeÊ´,1
d2,3
3âƒ,1
å˜’m,1
ixp,1
lfkn0,1
nkfhÔ,1
ujew,1
Ñ£vey,1
les,1
doÃ¶,1
rntc,1
8Î²i,1
8æ¸‡p9,1
wbx,1
Û¼2,1
tja,2
55c,1
n81,1
f62,1
01xp,1
obc,1
Ó¡u,1
ecp,3
Î½,2
Æ•u5xÔ7p,1
iejv2,1
ÈµÃ²å‡”r,1
jjjy_,1
2m_w,1
Ñ‰,2
ì£,1
tqnkw,1
g3a,1
6nrf,1
mu55,1
pj9,1
p_,5
fxp,1
È¥cf,1
ß†l,1
nÎ»,1
z9,1
rmb5,1
ku_3,1
h6s,1
Ú¡,1
e2vvzÊŸ4Ü­lsİ¿x_,1
_vfms,1
mxr,1
9_9q,1
wxuu,1
678rv,1
reoÛ‡t,1
mxm,1
p9ì‹u,1
Êš,1
v4v7,1
k_n,1
hqn,1
Ğ°,1
mé¤¯ml,1
É‘s,1
ß¥cqreo,1
Ù»ttÓµ,1
y7rj,1
y_gnÊ¯,1
9x7Ãµ,1
qzrfs,1
mw1,1
hpf,1
8so6km,1
Å¾h,1
Ê†8_h,1
zio,1
Å£if,1
vbnr,1
Î¬Õ¿z,1
ŞŒ,1
e0ms,1
İ³Ú»vy9Æ«,1
cggt,1
2Ë£,1
him,1
Ùµln,1
yvy,1
1mrwvkezgw,1
Ó¯w2cibcÓ³ewluw,1
y_f5×•,1
d_9,1
xjÎ¾,1
rgo,1
c2k,1
eyru,1
_1zÕ¼o,1
jvq,1
ujh,1
È­z,1
zÕµ,1
áŒ’r,1
trt_o,1
czë£‡,1
1id,1
u9_etá§b,1
heÕ°k,1
Êƒkjt,1
x8tm,1
Õ¿Ó½,1
wzÄ—skd,1
dÛ†,1
prf,1
_qe,1
tÅ³,1
tÉ‰,1
1dİ–,1
uev23z,1
8zfk,1
É™,2
aÚ›zÄ‘x,1
ï¾·Û¿Ş¥,1
×šq2,1
eÏ›,1
mj9,1
zcm,1
wpd,1
Ü«i,1
phwi,1
ddÉ®,1
vmu,1
qod,1
ikë‹Œd4,1
xued0,1
cte,1
rwf,1
9socm6pp,1
4mr,1
wst,1
x1å«kt,1
maÑœ,1
sqÜÚÕ™,1
e2,4
jnw,1
dw1k,1
jb1,1
æ¸•y,1
roz1y,1
êŸs,1
ugìƒ b,1
Ã§j,1
Ç£v,1
hfd,1
å”¸,1
wrlw,1
å¹,1
Üœsqo,1
Ô›rvojc,1
lro,1
esx,1
u5rs,1
pÂ¹ua,1
uÄ­,1
et1h,1
zvvc,1
b1qvep,1
jqm,1
uppieu,1
arq,1
lÑŸu,1
Î¿2,1
w8zw,1
y9c4,1
ì€­,1
fo3x,1
t_v9,1
uc3gu,1
ppz,1
ghÕ¾kt,1
fi_qÜ“s,1
7oi,1
Ó•bu,1
mlec,1
ã‘œs,1
ygw,1
5rÉšcm,1
Û®i4pwcz,1
knb_,1
yys,1
È…a,1
dbub,1
ä¸šo,1
bjr2,1
kmy,1
70h,1
å³¸,1
seÕ¡,1
vÇ,1
Õ«ciwmÇ”,1
zdpc,1
Ït×’b4,1
iŞˆ,1
gye,1
6exm,1
5gk,1
abtÔ¡,1
x7k,1
smt,1
è¯´,1
fä²ŸÇ©k,1
Õ«yz,1
3et1,1
4ch,1
ilcm0,1
Ñ½9lmk,1
ujt,1
olog,1
xzk,1
Ä›,1
xkh,1
Ü¥,1
q7uo,1
siuÊ¦,1
5ä˜44,1
ilc,1
bruu,1
aÚ¶l,1
Ê®0,1
zlvq8a,1
yny,1
vqİœ,1
Ò¯r,1
w1Úµutw1j,1
zmc8s,1
udbh,1
mjlÈ…,1
bbod,1
ã™‰,1
fceq,1
vi4t0,1
Ø§g9,1
ffÖ‚o,1
g9a9,1
say,1
eÜrÕ¿h,1
È¿g,1
lë¢‡,1
Ğ³tt,1
u4so,1
jgb,1
mgckzz,2
times,2
roman,2
166,2
500,1
204,5
3844,1
6Õ¼o,1
8ç“h,1
v×±,1
bmn,1
uÚ€,1
i0s,1
st7,1
ê±³,1
k2c0,1
Ó,2
ujf,1
fbtup,1
ã‘š,1
vnpv,1
Ñµ,2
xi4owv32,1
njx,1
izv,1
x9,1
8Æƒo,1
xoh,1
Í±u,1
nw9Ö€,1
2Ù†,1
Äµr,1
dÚ·,1
wk3x,1
Å,4
Ş…wjr,1
mvn,2
wvz,1
rin,1
hmck,1
ytb,1
È“,3
9vkn,1
lewn,1
yyÅ§,1
fÚŞŸz_,1
z5o,1
z×,1
8rm,1
Ò½y,1
wqpng,1
yxvk,1
_gaiq,1
mcd5vtv,1
hÑ¥Ñ½è¦·,1
hx9,1
xİ³,1
osÇ§,1
jv6Å«x,1
ß‡l,1
0q8,1
8od,1
xÚ£,1
ßˆi,1
iÆ¹,1
kckq,1
df7,1
jnx,1
y7s,1
zxmzhve,1
30o4,1
kÉ¤,1
á€,1
kÏy2Äº,1
iyhÙŠvsuŞ€5oj,1
_ou,1
ÏŠÄk1Êƒ,1
mkm,1
xtg,1
vzp,1
fiz,1
Ó›dl,1
yÑµ,1
3Ãºlzne,1
dgÈ©,1
vqz,1
wv1veg,1
dÏ†l,1
pswtz,1
xä¹‰,1
Í¼s,1
3v9,1
Ä·zmf,1
Ñ¯,2
1h1Ô9,1
Øª,1
cjwp,1
qys1,1
wyp,1
sa4vp1,1
ior,1
ßy,1
or1,1
ta6,1
3È¥x,1
kze,1
gmpj,1
x3É›,1
pdqduÄ•,1
hf3t,1
_Ä‰a,1
9o6,1
ä¥«,1
s3,6
Î»,2
0bf,1
ft9,1
4o9v,1
4cÅº,1
o0_p,1
wİ¥1k,1
yld,1
nİµol,1
5144,1
nÔ›,1
kÒ­mg,1
lg9,1
1uh3,1
riw4,1
axp,1
umv,1
7Ã»a,1
ypz,1
ppb,1
ytl,1
0bos,1
zÕ­,1
ihb,1
qÚ€,1
Â½v,1
x3ecz59vb,1
5_,1
kwfak,1
fjg,1
1xbh,1
hpu4,1
kÆ¿sq,1
xfg7,1
gqmlty,1
È‰,3
s5,1
Ü®a,1
msys,1
5sj,1
yppg1mh,1
Åº2xaxt3Ú€9_,1
yxwin,1
×œ,1
5wÃ²xx,1
gfw,1
rxÇ¿,1
eÄ‰,1
hqy,1
7_s,1
oxÔ›ug,1
É”x,1
ê,1
nz7mh,1
mx,3
i84,1
7a7,1
x2x,1
vÒ½a0mck,1
ë© ,1
zmæ›§mb,1
vivÚšq,1
iej,1
f5xc,1
fwkkf,1
o4r,1
k4fx,1
Ç‰,7
Ê–_,1
ahv,1
wfjk,1
ã‘’d,1
nim,1
pÓŸ,1
fgi4,1
zfz,1
gnÕ­Ü¦ard,1
z_ai,1
kxs,2
czmy,1
oomkk1,1
kity,1
ic8,1
iemor,1
lpd,1
c3bd,1
Ú–,2
j2hfÏ±c,1
ß†,1
Ò¯4v,1
Å‰,1
od_,1
hvck,1
q6,3
yfy,1
Ùºnh5o,1
jÑˆ,1
Æ¾,1
1Õ¡,1
Ë‡pbx6t,1
Ó¹p,1
hmng,1
mny4i,1
aã»,1
b4Õ¤,1
Ä,2
qŞ€,1
kxÊŠxk,1
jjiq,1
zxsrey,1
h7dm5,1
z4sÎ¹,1
lİ²,1
waÑ­xß,1
aoÊƒ,1
esj,1
åš©ÇŒtz,1
w7u,1
xjw,1
szs,1
civq,1
9Ú€,1
kÃ½z,1
ikvÉ¯,1
kpg,1
jy4,1
x5w,1
Ã¼l,1
4ß‡Í¼,1
g4gee,1
eek,1
jao,1
xnam,1
anv4,1
rsp1,1
i4m,1
faim6vba,1
_yv,1
pzp,1
mcu,1
biz,1
İ¥,1
ive,1
ug6,1
7yÃ¾,1
mc_u,1
kqw,1
jã¾šplue,1
j6sp,1
Ïl,1
mymaor,1
i5,2
exnr,1
rmohÒ¯,1
Ê¸,3
8Æ,1
889,1
i×¯x5,1
f3w,1
obog,1
pÛ¦xfp,1
o8,1
zdnwi,1
9bs,1
İŸy,1
_wg3Ò,1
n1yc5,1
2hv,1
zwmgh,1
lÜ6,1
5o,2
4473,1
gvu,1
n8Ç¥,1
sÄŸ,1
Ø¥d,1
qr2,1
6ak,1
ÒŸax,1
xe7p,1
yup,1
dun,1
Ä—vj,1
9dÃ®x,1
å§Š,1
icrÊ¤,1
v3q,1
_Ê¬x,1
xgn,1
skk,1
3ys,1
4umlso,1
Ñ’e,1
ppwj,1
vnÙ·cfeİ©Üq,1
ggsbf9,1
2c,1
qgz,1
cÒ8o,1
5bk,1
g5yvvfpw,1
4mnnu,1
İµn,1
gnot,1
uphÑµkp,1
kaeo,1
8qa,1
chye,1
kwz,1
xkzg,1
vxd,1
ekih,1
fnr,1
xoÃ±x,1
6pÓŒ,1
h6y,1
8yzdgw,1
Ï‡yq,1
fé¦’,1
z6Ó—,1
9Æ¨,1
uæ¹§xsgu,1
vrxk,1
esrcl,1
zxp,1
mne,1
ÔŸuÕ¦cxon,1
al8,1
cŞ€,1
bmgur,1
rbd,1
ekÙ‡q,1
äŸb9,1
uÃ¥hêºœz,1
Å·zx,1
k0,5
gÓ£6,1
fpq,1
fmynti,1
dcÊ“,1
zÈ¼m4,1
Ô£oã›­r,1
Ïˆkm,1
j0xisik,1
do6ar0u9,1
gow,2
bgu,1
z1n,1
å·,1
xã·´r,1
5È“,1
guxzrjj2kh,1
fgzt,1
tyÊ ,1
aá»¯n,1
Ç©kin1,1
u1c8,1
o3c,1
lufh,1
xfÅ¾,1
fnh,1
cæ,1
_izvy,1
g1,2
tglk3h,1
aqr,2
9Ç†1wq6jÚœw,1
0tŞ€,1
k74,1
phci,1
Ä¾,4
6qfq,1
Õ¸gi,1
u4qo,1
È¥,1
hhÄ³,1
qtÅ¼yz,1
uayiv1yiz6,1
bjo,1
uc,5
Æ€8,1
hlf2q,1
yÇ¿,1
x_uÊ­,1
ç—µ,1
zgwn,1
iÓŸg,1
ÊŒaw,1
ai4,1
use,1
rgÔŸo,1
r6Çœ,1
à®•y,1
sx1yrq,1
3hxn1h,1
xkb,1
4dcj,1
hih,1
5090,1
ã€§iã¶€,1
kyf,2
rÈ³zf,1
ykp,1
xyÏˆ,1
ahfÊŸ9,1
á¦¥,1
opdoç²€9,1
xgÄŸ,1
tjnx,1
tÆ½,1
xil,1
ë›,1
gbl,1
ã½•,1
Ï„zx,1
oÇ«0,1
o6i,1
nhbqc,1
7sjy62,1
8qc,1
É©xd,1
xyoqe,1
l01gk,1
tgo,1
zØ²3,1
bsz,1
ooz,1
xuÔ,1
Ò8,1
pya,1
kèŒŸá¶…o,1
mfv,2
Ş,1
x1x,1
crh,1
Î­3,1
02vhÃ®,1
Ñ½u,1
Û¥vzd,1
epi8,1
Ú§,2
5my,1
thÄ¡Ô£,1
208Û€,1
Ğ¼emimsiag,1
tf_on,1
Ñ’x,2
Òxq,1
1xgn,1
p3zp,1
lsÙ‰,1
hgavpdu,1
xgf7,1
gÛ²,1
p8m,1
akt,1
ï¤·,1
Ûgtk,1
3Ó¥,1
Ò©vxrc,1
ğ–  t5,1
xlá¡·v,1
uc×š,1
rxj,1
8zãˆ¦Ê³,1
sÄ‹fdny,1
Ã³i,1
cjv,1
k5m,1
Òµvd,1
ptwu,1
msmu,1
t8r,1
9o_,1
cx6b,1
rukb,1
59uz,1
jat,1
lu6,1
bff_Å·,1
m7ev,1
Ã¹Ö†Õ¤i6d,1
pc,5
vuÏ†z0_,1
siÏ‚,1
Û‰nzc,1
Ú™,1
pym,1
ynÆ,1
kql0hd,1
yyjl,1
ehÉ©,1
gbnc,1
cxu5kmke,1
y3y,1
dfi,2
lÅ³,1
crm,1
6m,4
wÉ©,1
qolo,1
7g,4
Ñ§Òµ8,1
ofsxv,1
cw0,1
Ø®dvp,1
o1h,1
5mk,1
ÃºÏ„,1
bnm×œ,1
sokwg,1
eev,1
dcz,1
kl58oub,1
rd,7
xkj,1
_orÚ´,1
m8h,1
vdnp,1
xjv3t,1
r1Ö€6,1
xcg,1
6vr,1
p7,1
uxy,1
pyk,1
Å“,1
3hr,1
qirİ´,1
ajwo,1
2Æ¿,1
zky,1
znÎ·,1
á¯ˆÔ“,1
×²,1
Ã¯m,1
á¶€,1
cia,1
wow8,1
Æ™r1,1
0koz,1
grk,1
Ñ¡rw,1
ÄŸo4,1
Ëvp,1
ß3,1
ÃŸ,1
8oxp,1
a8Ö€,1
4226,1
ot5,1
â·‘x,1
qÛ¦h,1
Ã¹gi,1
bÕ™kf,1
é,1
Å“wh,1
Æ™a,1
veh,1
bnk,1
9İ©t,1
w89,1
sacvb,1
bze,1
8eayi,1
Î´,1
ofw,1
Ó£k,1
Ém,1
myd,1
bs4,1
9Ï…,1
hrx,1
z5q,1
cyy,1
Å·,1
9tq,1
eÓµ_,1
xue,1
0hÊ²,1
Ñ’9,1
ãƒ®ii,1
cÔ©,1
hy0ÅŸÖ€,1
Óµm,1
Ï,2
ëˆ‡a4,1
e8k,1
rÙ‡,1
ome,1
nf1,1
Ôƒx,1
iwz7Åb,1
u4g8,1
Ö€3,1
jfk,1
Í³Ä³,1
2g,2
mryb,1
pxqn,1
eutm,1
ê¶’,1
txrln8t,1
bat,1
zÆ,1
ja2,1
ximİŸ,1
jws,1
hye,1
Ù£q,2
7fhu,1
hf0Şh,1
qb6,1
qiw,1
3Æ•ksk,1
vbg,1
jfÇŒ,1
o_f,1
á—ˆhc,1
Ç©,5
uÒ­tr,1
oÚ¿e,1
tÛ‹,1
4xf,1
gougÊ»,1
ßˆu,2
nv0,1
wymtek,1
å‚­,1
94k,1
2ksp,1
oc0,1
i0i,1
034,1
3uq,1
gÙ¿a,1
tntq,1
4sx4wv,1
q89w,1
8d,2
Ñ“,1
á§‰,1
Ö€9,1
gÃ®,1
Ô©o,1
o1r,1
xwÚ´,1
ğ–¢šg3,1
á¼ƒ9,1
d8c,1
Í½1,1
s7k,1
lns,1
_uÆ­,1
sÚ†,1
rro,1
İ­É˜,1
1qj,1
s1x,1
ÛÆ€,1
uo0,1
zy4,1
aqps,1
Å¿7,1
Ş¡,2
Ø¾,1
2xky,1
b0e,1
gxÉx,1
eelg,1
è§¦e,1
h__,1
z61wy,1
fontname,9
fontbbox,9
626,1
674,3
flags,9
65540,2
ascent,9
capheight,9
descent,9
italicangle,9
stemv,9
missingwidth,7
658,1
fontfile2,6
167,2
liec7,1
3kh,1
rzu,1
svmcj,1
7r35,1
Ñ8o,1
qpn,1
rjc,1
178,6
859,2
717,3
506,3
168,2
216,1
7hr,1
tÚ¥,1
Ê¬rp,1
Ñ½ct7,1
xduww,1
1ovix,1
884,2
695,3
169,2
218,2
mpy,1
iiÇ‰,1
mtd,1
Óh,1
xyÉ—,1
1sew,1
rvÖ†vtßxe,1
pom,1
535,1
641,3
rÕ¥,1
h0dy,1
hqjyy,1
w3gÓŸÊ¨,1
dwu,1
1000,4
65569,2
avgwidth,2
maxwidth,2
charset,3
space,2
fontfile3,3
171,2
389,1
vsÙ½a,1
ozg,1
m4o,1
kfnu,1
c9,3
É€x,1
piri,1
eis,1
wx9ja,1
p5s,1
yÉŸjÈ•,1
teerj,1
×•ä°¢,1
yqu,1
ata,1
ì»¬w,1
jÈ³Ê«,1
vfm,1
172,2
cidtogidmap,2
271,1
282,1
286,1
296,1
336,1
346,1
361,1
373,1
381,1
393,1
396,1
400,1
410,1
449,1
845,1
853,1
856,1
690,1
895,1
cidsysteminfo,2
173,2
cidfonttype2,2
vÛ‡Æ’Ä“ns,1
zuÚ»n,1
m1xcv,1
eÑ—,1
mÆ¿o,1
ij,3
dÓ™,1
174,2
554,1
512,1
490,2
958,1
657,1
2024,1
2870,1
2875,1
3404,1
4666,1
415,2
175,2
176,2
477,1
683,3
131104,1
xheight,1
450,1
parenright,1
177,2
length1,4
64860,1
26995,1
xde,1
unz,1
_lng,1
33i,1
æ¿Š,1
acÖ„,1
gti1k,1
lë´ƒ,1
f9y,1
Û†,1
Ô‡É›,1
5ta,1
f8xo,1
1du,1
ljcllledÑ§Ğ¾b,1
q0q,1
Óˆë‰»Ç‰m,1
Ã£dh,1
bub,1
yxxxx,1
wm81,1
1á’‚v,1
ieec,1
bxx,1
pt,2
brah,1
831,1
ç”›0,1
3Ã¿,1
Ê¿,1
q×Ÿ,1
nef,1
oç„puh,1
xapx,1
Ç†uq,1
cbuf,1
Æ›,4
67Ü£,1
57t,1
Õ¡wbfn,1
8ak,1
lyp,1
r_f7×—,1
k_i,1
zkuw,1
9fİcn8,1
wyÕ·o,1
wÛ…jbuc,1
sqx,1
hkg,1
Åp3,1
oÜoncn,1
Ú›t,1
oÓ“d,1
o5rjzjoÑ“,1
Ò“,4
gfksÕ¹,1
3ÛŒÆ¶hun7,1
i2h,1
_dc,1
4d__bx,1
cmy,1
gË£,1
woo,1
cnnk,1
tfjr,1
ziob,1
Â¾mmÃ¾m,1
nÛ‰,1
Ã±bmvk,1
aí€¾vu,1
nojl,1
rob,1
ymzu,1
paeo,1
djdd,1
ddzd,1
ddzdd,1
0eka,1
ë°ˆŞ„,1
Ş”7,1
yg8,1
Ã¿1p,1
ssÅ±,1
ksit5q5aay,1
kcxh,1
2pv,1
di4fc,1
6ytes,1
taa,1
ubmw,1
ofÙ¼zy,1
ê¼zku,1
Úwt,1
ç«£Ñ½z,1
Ú»,3
vjm,1
nkh,1
Ã¬ol,1
be6,1
0sh,1
6_6_,1
Æ™5b,1
fn27,1
a0É¬0,1
aunm,1
zoyo,1
yÛ„,1
w5m,1
Å¿,2
Ø»n,1
Ñ©_,1
e8le,1
l1,3
gio6a6i6,1
hmapz,1
egk,1
rhmh5,1
lkb,1
dimÈ¥5,1
Ø«,4
5f,4
wbggĞ¹y,1
i8p,1
xto,1
tt444t,1
ÅŸuu,1
Ã¾c,1
ÓŸs,1
wto,1
Ğ»mm,1
xgyy,1
ë½›,1
cŞ£s,1
rcf,1
vië¤,1
_ooooo,1
Ù·İ·Û·wwwwwwww,1
_____,1
è¿’,1
qn4,1
qfÄ…k,1
qkbeÄƒg,1
Ä«,2
yzzf,1
p0p,1
idl,1
rzi,1
ihr,1
rÏ¥,1
k47iaÒ¥,1
mnÚ,1
la9k,1
×’Éfr,1
z7c,1
ryn,1
u1tvj,1
uĞ¿uz,1
i2x,1
ilehytÊ•,1
few9,1
5jhjjmxmq,1
runİ¨nqw,1
wog,1
zhj,1
zop,1
vimvb,1
Òi,1
3yvuzu,1
nzo,1
ijp,1
elcxj0v,1
mvg,1
Çsyq,1
lf,7
3le7f9,1
1og,1
vjv,1
ÛƒgÇƒg,1
kbvÄ«duj,1
v3f,1
0k5Şšlmf,1
erkÚˆ,1
bxkd1yjvcÉ‘jÖ‚k,1
7lmn,1
onŞ,1
Ç”o,1
9zh,1
jjÚ¡,1
Æ¡f6,1
ppÑ˜Ğ¸Ñ‚Ğ²pyhchsh,1
hwh,1
phxtlbrzi,1
hjj,1
4ni,1
gjaÊq,1
lk2,1
eqÊ²,1
r6lo,1
pÑ”,1
rÏ†,1
rpj,1
rjÚ©,1
gjajq,1
xÕ£,1
vziÚ¤uhovv6,1
mlÚ¤iis,1
msi,2
lÚ…ib,1
nt3,1
9fz,1
Û¥wj3_zqziqgm_4,1
ewk,1
gjdd,1
Å‘uu,1
Ã±c,1
Ó‘s,1
Î2,1
q9ff,1
2gg,1
Ô,2
s2,1
ÆŒ,1
3fy4,1
gÒ‹yÑ«zzfÑ½hhhhhhatptxtlt,1
trtztvt,1
tqtyte,1
z4z,1
z6z1z5s,1
2pf4jfz22,1
wfqfi,1
e3,3
dyyÑ­y5d5j,1
yfd,1
knÖ‚y,1
veÚ˜,1
lvgkr,1
tie3f,1
i3ml,1
uÄ£8Ç”x,1
ihtt2,1
ile,1
è”®saq,1
ernrtiutiuhuv,1
rzf6n,1
tev,1
é¸‹,1
nmntv,1
0Ï„y,1
eegy,1
iezb,1
rgiÂ³,1
Ïƒzqyg,1
2jg,1
zæ¡mu,1
grq,1
osbjyh,1
mvnzf6n,1
21ff,1
Ú¥g,1
jÑŒe,1
uju,1
rÜ¢,1
iqnê²¨,1
ê²¨,1
cjtj,1
qimxÔŸ,1
1ofe,1
hktd,1
qst,2
weq,1
jwp,1
biv2lv,1
ophhb,1
qz7,1
kÏ§8,1
nk6,1
p8q,1
q4h,1
qdm,1
Ê’qÜ–1Ï¡1r,1
lyina,1
q1Ä‰,1
Ç’è§¼,1
kv95vnav,1
3ifq,1
oá´¶,1
hÈr,1
eyr,1
fcxk,1
i2o,1
ÉŸtskp,1
htc,1
srzb,1
v4w,1
é®‘,1
ßŒtayxj,1
azt,1
Éwks,1
tdyv,1
nmwncz9a,1
pÇ‰2yboí‘¤sw,1
7Ó™,1
lgc,1
bzmÉ”2fd5,1
Ù½fs,1
vgÓ•iw,1
kfp,1
sbzl,1
yonv,1
gstgc,1
shs,1
b5q,1
yÆ¶j,1
t3yo,1
erÚ…bİ±,1
7Ô“,1
nqÜ¢,1
mk5i2Ô™n,1
y2ziy,1
ì¸dÈ‡tg,1
wjs,1
lrÉ³c,1
gxr,1
4vbx,1
dtf,1
ngØ¹Æ´bh,1
xamdl,1
Ã¤,2
lzi0i,1
jmjetjeh,1
fbe,1
55555555i,1
q4q8j,1
hoest,1
9ibep,1
tluzz,1
lê”³,1
ntzr,1
mshn,1
äœ,1
Ç¿9,1
8q7Ç³o,1
â±¦ed,1
qm7ho,1
mie,2
owk,1
jÛ€2c,1
r×,1
rkæ’®k,1
ikzæ’–_,1
Ï£q,1
gmyt6,1
å±­Óthn,1
icsÒ¡9i,1
okÛ’,1
inkÛ’,1
iky,1
coibgĞ±thu,1
irg,1
thu,1
oiz,1
ixws3,1
oxws3,1
Ò¯,3
hvkkkkkkk,1
ndp,1
Ô‡bjc,1
i_h,1
ryä´³ig,1
vfs,1
ljg63Ú™mz,1
Å¥w1,2
Å±,2
jhv,1
hnd,1
ih34,1
mjiz,1
rvjjiz,1
idrj,1
urj,1
ué£g,1
×œp,1
nun,1
w8a,1
vvf,1
qj8fz,1
ÖˆskÄ©u,1
jaÏ€zgp3,1
zszszszszszszszpk,1
Õºj,1
zogh,1
Ûˆkr,1
7o8,1
ÑÓ¿,1
kon,1
014,1
vxo,1
Ã»p,1
8sp,1
pg0,3
1ld,1
Ú°vga7z,1
cpdi,1
k_x,1
s0y,1
å¤ªo,1
xpm,1
Ú–yc,1
upg,2
zuxk,1
ç›´la,1
qkk,1
6É—,1
qtq1x,1
ge_,1
iã¤¸8e,1
gk9,1
ql1s5f,1
yuy,1
n0kuf,1
0mfy,1
b31,1
Åº,3
l87,1
pwp,1
fae,1
wcp3x,1
99xs2g,1
rŞ±,1
ÊŠe,1
rÕ±,1
b1xe,1
vblxe,1
o2,1
kyb,1
b1,3
Õ±hcct,1
eÉ—ucje,1
xczej,1
ß´h,1
ixc,1
ixce9,1
xce,1
ypo,1
pa0,1
Ï,1
pvgw,1
s7wc,1
ajÔ¯ziy,1
rwx1ojm,1
Çig,1
vr_vrq,1
b0_xnxj,1
3yl,1
a0wyd1pr,1
hza,1
Ò‘ppdh,1
cbo,1
b_w,1
zkh,1
Ú›,3
mbs,1
xÚ…zßƒa,1
uo5zÜ¨m,1
s7rsp,1
kb2s43,1
qÉ²x6ncpÏŠ,1
já‰¡6auy,1
Öˆ,1
Ñ„å±¦,1
Ï»n,1
É”,1
f1eq16,1
Å³Ë£,1
6pe,1
i_khjk,1
Ê§É§3,1
_it,1
zlz,1
zbl,1
qpÏ«_Ô¯,1
zin,1
qsin,1
Ódn4,1
ehq,1
sÒ³svy,1
ji9zm,1
hwj,1
j5Ó›k,1
fkki,1
e_Ç”s7,1
hzk,1
kcg,1
m6l,1
m6f,2
jjÇµ,1
m6i,2
bmÑ§jojes,1
m6g,1
mfh33,1
Õ®_,1
_Ó¯,1
0kh,1
fh2dc1t4n,1
h6bfft,1
5zfqÛ¸Ã¨c54,1
f3,3
fkq,1
fg7,1
fla4,1
cgt8,1
hs9,1
cc8,1
nn0,1
syf,1
ay_yç­¯,1
xc_xv,1
lll3g,1
İ£Ñ·j,1
Ò§po,1
cfoo,1
Ç¹ë§¼,1
hntl,1
sp2c,1
Ğ¾krl,1
Ô—t,1
soc,1
s4Ğ¸ivvoq,1
ov_,1
qyqw,1
myv,1
smvæ Ÿv2,1
qhcqj5,1
sÉ f1xÚ˜n73,1
eÆŒ_u,1
joy,1
nnhy_ßªi,1
ì†½,1
a38,1
7Èx,1
07a2,1
lŞ…,1
tÅ¼,1
riw8,1
3Ü©ueÅiiÜ©g,1
3rf1ey,1
efdz,1
fcy,2
6jll,1
fÛ´rug,1
j3y,1
w7g3,1
jrä¶¼,1
v9,3
acptx8,1
ydt8,1
d6meo2,1
Æf,1
6b3l,1
daÅ€6y,1
lokdz,1
ccx7,1
cty,1
ß„,1
ïµ¿c,1
wÙ·z,1
boun,1
Ñkz,1
dmt,1
cÏ†d3lzf,1
mÊªcc,1
wsnÒ½,1
4gor,1
Ø±j8n,1
uÑ™,1
tÈ¥f,1
6i96zg,1
1Ó›z,1
Ó™m,1
m3i,1
6dzpz,1
j2fj,1
Å‚0,1
osm1vx,1
wapa,1
Ö†zz,1
qjs5Ä›k,1
pysw,1
hwb,1
vtz,1
dÕ¶jct,1
kml,1
Õ®pubÇ«joÆºŞŒuŞŒuc,1
Å¾ek,1
Ñ›e,1
xsz,1
Ç_o,1
ëŠ®,1
Ô‹a,1
bpc0de8,1
fqÉ¸,1
lt1,1
Õ¼,1
pqc1xÜ˜,1
c1x,1
ËŒ,1
Ş“q,1
ekncr,1
bw7p,1
_sp,1
Ñ“m,1
2s,4
nbop,1
ç™„lapx,1
mvb,1
q8y,1
ç‹‹ej,1
cÛƒ,1
jjÚ®,1
Êˆf6,1
w5555555ÇµØµ,1
ÊµÎµÑµÅµÃµuuuuuuuu,1
rnÓêº,1
Ü,1
Â½,2
Ç©qv,1
zqzÅµ,1
aaqcm,1
Ü¢eq,1
Ü¡qÇ,1
dg5,1
gvcv,1
È‡,1
hero,1
kcb,1
j0pj,1
ajpxi,1
qi8r4,1
icoh,1
ksÇs,1
Ç’e,1
4r4,1
kkk,1
dc6,1
i5r,1
hgxhgx,1
Ò,2
gfi,1
6uvi,1
nmd,1
ß‘fv,1
ß•v,1
3ci,1
ÒŸo,1
eus,1
gÈ³i_,1
ìº,1
é–®,1
wfÃ½zs,1
hÏl,1
zê“Ï‡,1
2kbz,1
tdoctd,1
Ñ“2,1
ikuww,1
n9z8x,1
fÒ§u,1
Ñ‡rcq,1
ys4o,1
zÓ½,1
5Ê‰2,1
mpi,1
jdpj,1
9jm,1
rww,1
jiq,1
ypitr,1
rhem,1
m8Ò•,1
grrytun,1
onos2v,1
ov7,1
wÓ†m,1
lwÑ¯,1
xfb,1
z5k,1
ccsv,1
se_,1
Î¸,3
p_c,1
Ç³z,1
wÏ–Âµq,1
z2f,1
tu3,1
9zã¸¬,1
a2sx,1
bjm,1
èº5c,1
b_x,1
7oÈ¯k,1
xxs,1
zÕ§56,1
å·¤,1
kqvyp,1
Ğ¿É¯,1
Ş¡uq,1
É¢e0,1
glo,1
pug,1
o_ê‚£,1
vkck,1
ojt_,1
ok8a,1
ksmgÅ¾c,1
Şƒ,1
İ®w,1
q5Ù®,1
×¦gp,1
smzjÙ¢y,1
wÏ‰ufjwrjyÑŒhz8,1
mcten,1
×“,3
gpfe,1
jwmr39Õ»,1
Ê…t,1
wêŸ,1
8xj,1
3ok,1
czzr,1
e9Ï¸n,1
vkjk,1
zo4,1
gj9Ú¢7wa,1
wlĞ´,1
haÏŸmz,1
fpyc,1
fi_4h,1
É£x,1
diy,1
lÆ½Úª,1
zix,1
yvß”,1
pØ·,1
lxÏŒ,1
Ã¦iu,1
7dp,1
oÊ¦,1
wqlo,1
kÒ±w,1
tlyĞ³v,1
eáƒ§rsqp,1
83ß´0,1
dz6,1
xvvw,1
0Ô§iyn,1
3kxc,1
dyv,1
9j,3
lé·¼,1
ËmixamÛ†,1
ì¯¿c,1
3gÎ¼9s,1
gjÕ¥lo,1
cz7,1
lÏ›,1
3qÏƒ,1
7ká´–c,1
gbms,1
sv6n,1
fkrs,1
ubac,1
6rjbcÚ¥,1
5pÈ…m,1
iÆ°,1
9ÚŸ,1
wxr,1
jir,1
aym,1
qaw,1
7zzfa,1
jn8,1
Ò“mndoÏi,1
icu,1
jkbf,1
skã•¡,1
Æ«ê«¦hp,1
yÛºn3Î®,1
ÇŒa,1
İ¦4,1
èº£,1
mybe1,1
slei,1
jihox,1
æ ‚,1
İ±n,1
68x,1
nhé ¹,1
yvrze,1
kpp,1
xja4,1
p8Ó¯fpdz,1
0cj,1
2nu,1
els,1
dzt,1
ie2,1
Ò“l,1
trfi,1
iÆ,1
dÕ¥t,1
i5z6qb,1
kÚ•h,1
zÄµá„™a,1
eaf,1
8wß›,1
fonys,1
0dz,1
Ó¯ky,1
mdy,1
a9nz,1
qlÔ£,1
ndno8,1
×¢,1
_6k,1
nnv,1
Äk,1
q5h,1
ÄsÄŸ,1
Óµ,1
c4w,1
kÏ”,1
rr,4
001s,1
fet,1
tgrk,1
a9n,1
tmp,1
gga,1
nkf,1
nÅˆ,1
v32w,1
Çƒ,1
uzj,1
Ö†x,1
njÂ³01,1
4rt,1
w0bw,1
r_y,1
Ä«aê§¹,1
Èq,1
jy0,1
bafunx,1
ÄŸp,1
l8k,1
Ï‹vhv,1
_8b,1
vÆ£n_,1
im_,1
Õ¡tp,1
bmak,1
cp_k,1
cao4,1
Ú¸ans,1
qkt,1
aof8,1
a7Ğ³,1
ha8q,1
9ß€7eaqÅ‘,1
052,1
Õ»,2
Ó‚,1
Ël,1
Ã°,3
1bt,1
Ñ¹,3
4duwx,1
shzpi2c,1
vØ´y,1
Ã»É–,1
iÄ‡,1
Ş,2
bdkzx,1
dj3g,1
_u_,1
n1r,1
nxm,1
3Ü™s,1
4dq,1
cyxs5mfy,1
ì“¨,1
cÃ ,1
9Ñ‘,1
eokyt8,1
b113ot,1
Ê²n,1
ro1v,1
qÓ¥hjbne,1
Ã¬e8d,1
gÄ¾o2,1
tkes,1
f0ff,1
fdndË€,1
qs0s,1
1rf,1
vkk2,1
È¿ax,1
vkdbo,1
vvnef,1
cä€Ÿ,1
dr_,1
bÏ‰,1
vx_o,1
oßƒ,1
ajd,1
ifi,1
Ï§,1
1rdj,1
ã,1
pqhljÄµu,1
ß“,1
_up4vzr,1
_aw,1
ya5sevxs1utsy,1
Ê¬,1
ä•¦i,1
ß‹sìƒ8,1
66c,1
ltmtgybÊ§nİ”z5,1
mgpik,1
wff,1
gÓ§,1
n5rsee,1
cgbb,1
ziioes1,1
kqn,1
zß„,1
k8cxhf,1
syid,1
Ø¿,3
nÛ‹,1
Å¥,2
lk_jk52uyÒ«j,1
whu,1
Ãµxsuv,1
ers2,1
Ô¥c,1
æ¥”kkg,1
gx5ed,1
vfd,1
v_r,1
Ó·x,1
ssimfmzk,1
lÑ±,1
Û¶wmedz,1
fbhtd,1
uÆªvz,1
yquoxs,1
n4z,1
sqi,2
nlb,1
ojwlxchqx,1
gci,2
gk3y,1
g_osk,1
ieg,1
wÍ¼_0b_,1
Õ¡vo,1
fsu,1
ks6l,1
iis,1
5k0,1
e6ßŠ,1
na_,1
í›²kosuxv,1
xuv,1
3teyunz4,1
_dfÑ©Ó»lo1ug,1
notn,1
x05,1
Å‘m4,1
vs2k,1
oİ²ts,1
trwq7,1
yÃ¹iÇŒ,1
İ“b,1
6lvcÒŸ,1
crs,1
okyv,1
izÏ_,1
Ã±o,1
Ù¹9Ê‹nw,1
xkfo,1
ea0,1
7nz,1
dymhk5mzlgzm,1
v1icu5z,1
wfisf,1
qte,1
6p,2
o9ax,1
xhje,1
ude,1
Õ»2,1
6_uen,1
zgvhve,1
tvqk,1
iemna,1
bÖ€v,1
Ø«e7,1
må³­,1
fh_,1
Ö…,2
trÓ,1
Ú“n,1
3lyqlj,1
Ü—r,1
Î­c,1
2c6hk52,1
rufbm,1
uvp,1
ktf,1
È·,1
cdyl,1
t2vlerj,1
Ü£n,1
tbrv,1
_Í¼og_,1
Ü¤,1
773u,1
fcf1qm,1
fcvdÛ‹,1
×£kÕ¶j,1
7Ô­É”,1
vxÙ¤,1
rfss,1
2no,1
793v,1
2æ‘¿iqh,1
6wc,1
ë‡ŸÙ¦,1
Ê¡,1
ssa,1
ibgÅ›,1
n13,1
iaezyĞ»myd,1
xÏÓ¿Îº,1
pË,1
Ú4,1
olbt,1
dex,1
cyg,1
vyvi,1
keul9,1
mho,1
sgb,1
zlyhn,1
lf7sy,1
oh23i2jqgsuue,1
zoxy1iz,1
cÖ†yn,1
j4hmk,1
È¸,1
Ç©azqw,1
ahr,1
rÒ‘b,1
czildd,1
È¿qe,1
xÆ¡nl,1
bruuetqjenŞŠ,1
ogd1y,1
69300,1
30922,1
bnri,1
6j,4
éª®dfw,1
yÏ‰s,1
20sÄ­v,1
nbrw,1
rvÙ³c,1
a03,1
jpâ²›,1
rwff,1
ÊŠêš¦p,1
yrcj,1
7an0mu,1
yus,1
iinm9Ôƒ,1
lw,2
a0,3
qxc7,1
3l,2
xhy,1
dÈƒp,1
7sm,1
ozw,1
nsuß‚Ò“ypgsyp,1
qfs,1
uwq,1
piymzë¯¹,1
rk7×¡,1
Ç”u,1
äºˆr,1
ë¸¾ë‡¸v,1
sİ‘,1
vwr,1
Ú¼j,1
r5k,1
rİ½,1
tgr,1
oÃ°,1
1_a,1
jqn,1
rÊ‘Ñ†,1
×§,1
Ïµ_pq,1
cäŒ¢,1
bevydyjyu9,1
Ó¿t,1
bgÓ†t,1
z_Î¶,1
pjt,1
mmÚ¤,1
gzc,1
zqvms,1
uÒ,1
Ï‹z,1
Øº,1
rvt6Ğ½,1
mmÏ—l,1
gmpdh,1
aldmzÆ™ÓŸ,1
á“–,1
m5gh,1
_jqu,1
vox,1
gg3,1
Ï°wy,1
pyy9,1
cgoq0w,1
ÑŠ0k,1
a9b5jra,1
p39mn,1
Ü¦,1
Ü©,2
zÅ«xn,1
qja2o,1
xyÙ¤,1
t0m,1
Ö†o,1
mb66jh,1
jmmm,1
ig_i8,1
lgr,1
yÅ³xy,1
Ä“y2,1
fx7,1
Út,1
4gi,1
Î¬h6,1
f42,1
gigvji,1
mdw,1
Ú•fi7v,1
vÚ‹,1
Ú‡md,1
i_v,1
ÚŸmf,1
aÑ‘l,1
eo78,1
9bm,1
Ó•0,1
8pn,1
kbi,1
zĞ¾a,1
b2ã¯—,1
dĞ±b,1
eĞ¹rh,1
l9tg,1
caov,1
vhe,1
fwc,1
0fa,1
Ø³y,2
71nbocbb,1
kf6,1
Ø²d,1
f5lh,1
Ù¸w,1
Ã«,3
Ô§Ú§g,1
dk8,1
xë³Œ,1
zk9yqus,1
v3wx,1
cyd,1
lya,1
jyd,1
6pl,1
gvx,1
iyq,1
Ê“g,1
å‘—,1
rroz,1
gŞ±,1
å‘ƒg,1
3zq3,1
oyå‘“g,1
4zcix,1
tgq,1
gp3g,1
ÏÕ´Ï‚,1
t5,1
awk,1
_6y,1
5cÒ¹,1
jpÑ»,1
zh5f,1
x5n7,1
6hh4mr,1
aoqo,1
5tt_Õ­tm,1
6Ò½fq,1
j7Óˆv,1
Ñ—,2
f_o,1
mbq,1
kmoÑ§3y,1
no8o5p,1
c0Æƒ,1
obx,1
1gc,1
8g8,1
delv,1
e2ulwf,1
ler,1
Ê§gqs,1
9ai,1
rn94,1
jjmn5,1
n3i,1
aowun,1
iß¤oÑ·,1
hß§,1
lÑŸ,1
wwÔƒ,1
zdxdtl,1
srvqßªß©,1
zfe,1
sÏ«,1
jdsa,1
mehcapm6r,1
hcqxmm,1
iydr,1
Ñ§hsitmv6s,1
jezvujkuzvjsy,1
ebmt,1
Ñ¯vh,1
m6jjik,1
vqmvm,1
Ú«k,2
Ğ¾Ôi_i_khÇµo,1
gvzim,1
hhg_,1
Ú¹yz,1
wwwk,1
zqiy_,1
tß¦,1
oooo,1
jÍ±,1
ÇŒoÊ’w,1
q8mdl1,1
fh4e,1
tewi,1
r1s,1
8İ®u,1
uq07Ò‘o,1
xwg,2
iw1,1
gkwlntmnÒcn59uz,1
ojw,1
oßŒo,1
Î¶rff,1
Ô‡wp,1
Î¸g,1
bß¥,2
hssxb,1
Ò‹,1
3gl,1
l7u2,1
hsu,1
kc_,1
wru,1
q×‘,1
Êµs,1
6bp,1
fŞˆ2,1
nfç‹®,1
y0,1
kÉ¿,1
vvk,1
2er,2
tvvujyi,1
nã¿ß¥Ü®,1
Ú,3
5doiki,1
Ù¾Õ¾,1
dg2yÑhq,1
È›Ñ,1
rÇ¥,1
9sbg19yc,1
qu9,1
y9o,1
hrb,1
mmq6,1
bmqx,1
Å—dkuuu,1
_78,2
xÙ©,1
1q8_Çƒ,1
ebi,1
qd1ys,1
8b,5
ka2y,1
u73,1
gn3,1
Âº,1
nj71,1
clwq8r,1
avw,1
c3ç—¸,1
sen2,1
7ŞŸ,1
s5ek,1
Ù¸evm,1
nws,1
mvã–¦pksq,1
Äµh2u4,1
nqi,1
sth1iks,1
q8_,1
tpv,1
Å•g,1
l0Û‚,1
dwb,1
Ê’è‘®,1
umx,1
dv2,1
q8dy,1
8dqhq,1
lfll,1
d7cwè›,1
Ñ»,3
Ñ…,1
lnpar8k,1
xd9,1
kqe5,1
ahpq,1
8qrlp96,1
869mk,1
Çg6é„‘,1
sjo,1
ngsi,1
éº,1
kquqw,1
qwÑ©×’1×‘,1
Ç¡8n,1
ovk,1
mİc,1
ty5,1
c1bnaÑšg,1
rl8,1
9z,2
dhe,1
pva,1
t__us,1
tko4,1
5mb5bs,1
jdyf,1
5fÖ„us,1
sekÎ·,1
Ø¯lalc,1
fgao,1
csk,1
ÔŸÒŸ,1
ÑŸo,1
dh1n,1
jt3,1
s1y,1
gÃ½,1
7_t,1
o_a,1
kxvkxvokw,1
İ—,2
pjw,1
Æƒp,1
ÓˆÑŸ1,1
6gh0,1
qÇ£,1
t3g,1
hhvxr,1
fjlÕ¶z,1
Å³n,1
uaÉ¬,1
fl8,2
ewkjf7,1
Ê¶l,1
q_d,1
Çšhf,1
_qki,1
c0o2a,1
c_z,1
Ğ¶sz,1
phuz,1
æ˜…st,1
Úµ9bz,1
lçŸ§,1
gè¿®n,1
e_,4
__y,1
pox,1
tq3n,1
bn6y,1
4nm,1
3İ”bqc7,1
j3spla9oy0u,1
yqr,1
mfh,1
Å¿r0o,1
kvÓ·u1,1
kzd,1
nã‰›,1
h9wc,1
7nmzg,1
g3ßlm,1
mxe3o,1
2xp,1
Ç¡m,1
sÃ§w1,1
kaÉ¢6,1
dÉ´,1
z27Ò½dÊ„lÓ½9,1
ofhqd,1
tvin,1
8pt,1
u46,1
nÈ›,1
xje_b,1
bÂºdozf,1
rgu,1
l9v,1
4mx,1
Ñ¿h,1
ä„œ,1
eyf,1
mvulë¿¹Å¡u,1
wyÓ†,1
e×¥,1
jl7lÈ¯kv,1
1db6Äº,1
kh7x53,1
4ÑŒ,1
itt,1
È¯bÚ”m,1
9foag,1
Å“f,1
dxxtn,1
lovÚ¬,1
Å™y,1
vÃ³,1
xoĞ»16,1
Û´5q,1
lmir,1
ha4,1
brxgm,1
t85bt,1
zÜrw7,1
muef,1
wi3x,1
i7gz,1
hã¹Škf,1
0kÄ…,1
m9d,1
Êˆh,1
1cÒ«,1
0sfbef,1
Û¼v,1
vvef,1
e8f9Ä©,1
fplr4,1
yç“„,1
irrdyju,1
Ó±eq,1
vcw,1
bgb,1
_d8,1
9fmmh,1
jf3Ó“u,1
tko,1
mdo,1
6_p,1
j26,1
kse,1
Ï‚,4
eÏ‚,1
xÏ‡,1
cbu,1
o5x,1
qå¢”a,1
l91,1
×—,3
kxyj,1
zxk,1
Âª,1
ky4kx,1
bne,1
sr3k,1
×˜,1
exo,1
hyjn,1
lkcl,1
hqkl,1
dqg,1
xge52,1
bny,1
hÇ–,1
ë…µ,1
hens,1
lÍ³uesis,1
Ğ±,1
vkd,1
Ï©kjofyÖ…x,1
6gjze,1
wÇŒ,1
Õ¼5,1
ß£a,1
Î­s,1
ran,1
rmÎ´vÅw,1
mÚ¶_,1
ddus,1
1Ç¯,1
ksn,1
_aia,1
yqan,1
w0aozzÉ£wutw,1
xttuvt,1
z2kf,1
É«,1
å–•,1
tÖ„,1
jgu,1
hma,1
5xdouy,1
yiymimi,1
llb,1
lxfw,1
xkxb,1
rufã…¹ej6x,1
Ñ€iyue,1
sauijks,1
Õ«g,1
itm,1
nbÏ°,1
Ê¾k,1
Í±aio,1
auyimma,1
ovfax,1
jeo,1
biy,1
Ï¼bue,1
Ä‹c,1
_æ»›dÕ¿7c,1
wkr,1
wjl,1
5tkr,1
thr,1
k2k,1
É–ri,1
ik2nd,1
ik2ldh,1
k2h4i,1
ijgtizk,1
izjct,1
É’,1
iedi,1
ijb,1
irzs,1
aiŞ“,1
iŞ‘miŞ’miŞui,1
9ih,1
nivhr,1
ylm,1
vih,1
É½l,1
i6h,1
zinivind,1
finfivkr,1
iä¶‡m,1
rcä¶‡m,2
rcn,1
rc0,1
Õ¸t,1
nhm,1
sui,1
vaw,1
Õ·eh,1
hehh,1
à¼€s,1
pjq,1
ß‰o,1
edh,1
qq3,1
Ã¢,2
Ï‰s,1
ğ¨€­,1
5yx,1
kÄº,1
dej,1
bxv,1
jax,1
te2,1
hyp,1
0ld,1
jv3,1
zgd,1
bİ—,1
cei,1
6qr,1
33ox4o,1
ß¢,2
k6,3
wjz,1
ì¨—,1
Ûy,1
Úª,1
Ú¢,1
ßuÅºÂºÄ¼,1
png,1
Ê­,3
nv9,1
fç¬¨,1
zns,1
qwe,1
yly,1
Ø²0ka,1
e5inrk,1
kkjz×’dzw,1
5yuy,1
k66,1
uvvyye,1
srsgf,1
kÉ©yrdm2,1
9urv,1
den5,1
ulx,1
kqy,1
sg2,1
kxÑŒ,1
dpu,1
nÈ‘qhenjg,1
ä³,1
cÔnic,1
amc,1
hÉ‰,1
eql1u,1
nsayc1,1
8dhŞ¥wj,1
o41,1
dszgvn4uÚ„,1
uu5ejvbnn,1
jyÕ«apä¨ºÈ‰u,1
nhjfum,1
56z,1
Ë¡,2
r2r9,1
qjpqf,1
sqd,1
qÆ¡e,1
qztg,1
jgn,1
qqpbq,1
xqbpq,1
pqpÚ¡,1
Åbcq,1
b9r,2
pg9,1
Ê›,1
Ê«,1
Ï¡ay,1
qby,1
cÙ†,1
7qnb,1
e5,2
×£b,1
kqa,1
sßnb,1
jowt,1
È‘4_uq,1
frÃ§,1
ÉŸ,1
oiÏ»u,1
ivol,1
1ly,1
ibc,1
nak,1
oÔ©f6,1
15Æh,1
ok8bc,1
ckß´,1
nÛ‡,1
zÃµa,1
aa1,1
o9u,1
4dwev7Ú©,1
gsia,1
uÅµuzg,1
knÉ˜,1
3ndz,1
8Ğ¿ob,1
anÜ­,1
Û¹i4e,1
6ghz6u,1
Ô«v,1
Ã¸z,1
ip8sf,1
jpt,1
iaqn2,1
fÄ§p,1
8ap,1
c7qq6,1
Ó­Öys7Ñ·k,1
5è˜¸,1
szdÜig,1
Î½etll,1
vcc,1
wjplÒ¥a,1
ofjlmmÜ¦sak8og,1
fo1,1
a45,1
1bk7x,1
ksgo,1
qÕ¡,1
xqwws,1
iØ´,1
rİ¯,1
m5b,1
ioz6,1
jhh,1
etq,1
tlÑ—,1
Ç˜o,1
Ğ²d,1
xvv,1
Ä‘z,1
gÆ’h,1
ayo,1
jam,1
ÊŸf7Ú¯,1
tpirp9l6tvrÑ€,1
l6t6hÓ£m,1
efd,1
bss,1
3zzz3×šÉ¾,1
iÄº3,1
tgbn,1
y8,2
8wp,1
32ç‘¹,1
Öƒ,1
nt8,1
aq1,1
dØ½s,1
Ï…t,1
1wa6z5,1
uvk,1
xczq,1
9Ã¡,1
È¸b,1
Óe3,1
aìŸŒ,1
Ù²,1
gd2oÓ¥,1
vnuv,1
cmg,1
4a,1
4njde,1
Óin4e,1
é¾°,1
ß´pobØ¡h,1
8ev,1
j2t,1
Ö†,2
ufl,1
lms,1
fÇµ0f,1
qqi,1
gfo,1
Õ¤v,1
vkgu,1
jxo,1
htcia8,1
Ô‡,1
Æ…9,1
7etws,1
j7n,1
rgw,1
tx0,1
qclgo,1
oka,1
à ‹,1
btk,1
aaa,1
opcgp,1
gbxfd,1
Ò½,1
ã•£,1
tqtj83,1
nÉ›,1
zmye,1
mapw,1
nb6v,1
uÕ­,1
gÏ,1
Õªw,1
fpf,1
Ü’k,1
oÑŒ,1
_y8x,1
iyxo,1
Ï¯z,1
Ò,1
p4u,1
lat,1
ßº,1
íh,1
9wuc,1
w3b,1
Å£qd,1
ghx,1
rjd,1
wwqnk,1
È‹9,1
pidÆ¡,1
role,1
gÜm,1
pÕ ,1
xxxf,1
nvt,1
9hy,1
thi1,1
6t8,1
f5u,1
phhhl,1
76×–m,1
h5,2
cez0,1
ipaÚ…gso,1
Ó¡ez,1
Ãªu,1
nqpecp,1
nÂ¼,1
Ãº,1
í…¦,1
l3u,1
lÛ°y,1
ê²¶i,1
jmw,1
tkë·†,1
3rg7,1
é‘†,1
eqlb,1
Ï,1
â±¦,1
88Ä¼v,1
5x5,1
Óy,1
gewp1,1
o0m6n,1
æ©›ß ,1
nmce,1
hÇu,1
vÚ³,1
Ã§lv5,1
quu,1
fÜ,1
opk,1
vpo,1
vst,1
7bd,1
w52h,1
c27u,1
rgy,1
gt0f,1
é°,1
Ås,1
4Ü›i,1
o4v,1
gv31,1
eÊ‘rp,1
vfp,1
nÛ„9d,1
k1,2
Æƒ,1
k86,1
fÉµÜu,1
fju,1
ÈƒbjÙ½,1
Æv0tk,1
buco,1
p062,1
voky,1
É©qb,1
dwk,1
sbqxdp,1
sÈ‘z,1
i3ng,1
wno4oum,1
wkl,1
rwn,1
hvw,1
ktrmÎºb8j,1
Õ¶bhowwtÕ±è“¦b,1
gvj,1
tco8,1
abqĞµ,1
1É¥,1
e6Ô,1
Ü¡Õ»,1
pqmi,1
4_o,1
vy8n,1
epÊª,1
Å„r,1
3ky,1
lzd2xeÄ—i,1
wpq,1
dÔ«,1
Ë,1
sÃ³,1
×–a,1
8wdly,1
cwvnyxi,1
i8h,1
ljÒe,1
zbxo,1
xÒ•,1
0pql,1
uba,1
e0ymk,1
zf54,1
İ¹m,1
ik9,1
ghu,1
te8sh2vy,1
etawÛ,1
r2i,1
Ä›d,1
u×¢dw,1
Ä«6,1
xdzqk,1
Î±Ê°,1
0wqt,1
cwe,1
gdh,1
s5È¼gq,1
hdgj,2
wk9,1
y7,2
npygeí’Š2_zcvz6,1
opl,1
3t,3
54oyp,1
Ò¿jie84Ú·s,1
5r7c,1
gen,1
gÒ±d,1
1vqx,1
è¥šg,1
hsly6rhmq,1
Å¼z,1
eme,1
ßlÓ»wbmyg,1
thjbd,1
tì¸,1
icÉ²l_,1
lj,1
cic,1
rpÛ±9,1
İ¡btx,1
1x,3
rfvvyqhdyr,1
Ò±no,1
å´¸76,1
ip9,1
uvy,1
roæ¹ ,1
b3go,1
8_p,1
uå´—,1
xÜ™,1
t7,1
è—3,1
wÚ¢w,1
lv4Å†,1
kÊ¼,1
mÉºmxz,1
yyebv1,1
cml38x,1
ustg1,1
izq9he,1
y8i2gsg,1
k8xt,1
oÉ£,1
0aÄ«,1
6oz5l80,1
dÈ«ms,1
sÚª,1
4zy,1
erx,1
dde,1
um6y,1
sÛ¼,1
nzhÛk,1
ueb,1
_4,2
nil,1
lvgvoy,1
pzrh,1
tdvj,1
nÉµ,1
fclvek,1
mq_,1
r_p_8,1
bgs,1
9vvb1,1
znt,1
Æ¿t,1
1sqe,1
aÉ›5,1
d21bt,1
wİ¬rt,1
5co,1
huebrkÄ‹hy,1
lÑ‚s,1
bsqb,1
ihqahÃ«,1
_fsdch×¨,1
h3fv,1
pÊ”,1
Ã¸4utÈ,1
ã™…,1
ìª,1
vlq,1
lÆ¡Ç€o,1
ct7,1
f73mfc,1
Ñ‘o7ÄµÕ§,1
byb4,1
Ä¥,1
u0xÒ±wİ¤p5syg,1
otznv,1
rjy,1
Ã³y,1
zp4,1
ÇŒh,1
xjdß”gud,1
92y,1
aËbb,1
7zrÊ‚gp,1
o_e99g,1
vhor,1
bm0nq,1
8m8,1
fiè¢,1
zad,1
ysÏ‹Ö‡kjÄ‹,1
aÄ¯lkpf4sÛ³Ş‰t,1
tdd,1
xth,1
gmg,1
zr5,1
Ô™u,1
zjbcÉ¯x,1
Ä¯,2
p9l,1
le6,1
è¨¥w,1
dİ,1
í‰ w,1
oÜ¨,1
txbh,1
hbÑvÄ,1
8vwÇ³e,1
1pv,1
d6æ—Ô›,1
ljÇ¯rj,1
er6e,1
etq8gpf,1
vlv,1
gmeÈ«z9g,1
sÓ†,1
nß¨,1
utrug,1
4id,1
Õ®j,1
iepx,1
upa,1
_vp,1
xxu,1
vuf,1
8z3,1
tå¥,1
ì»s,1
bxc,1
hky7,1
éŠ¡cn,1
vlxd,1
dlnn,1
jÉ™,1
Ù½a,1
3l_5jkÚ”j,1
ae5,1
zmk,1
pxvmzztum,1
mano,1
ubå‰—zpv,1
sä‡¼,1
z8i,1
ç¿ˆg,1
e757,1
ylg,1
ehp,1
sÊ«Ê¿ni,1
q2b,1
oku,1
wÏ€,1
rplÉ£,1
Å†,1
rgj,1
4Õ©lİ ,1
hx5m,1
4do,1
_5w,1
aÉ¡0s,1
519k,1
i19y,1
dtdÔ…,1
uŞq4t,1
q6Ü¢2,1
thut,1
s1,2
nzÉªj,1
Ú¼,1
É,2
ivc9dxÃ¶y,1
gpaepê¦†ukbc,1
kİ¸,1
y4x,1
csv,1
Ç£é…™,1
wlz3,1
5nfg,1
uè“,1
x06,1
mgìˆ_f,1
9Ã»b,1
gnf7e,1
tw7v,1
ame,1
è„·,1
84fq,1
iç¤g,1
Ò¿w,1
aÊŒ,1
olz,1
g_Úšej,1
yuaxud,1
lcc,1
s3s,2
mnieÊ’f,1
_o6g,1
vjfg,1
wc_Ó»,1
uot,1
jin,1
Å‰p81j,1
h6a,1
Å€f,1
uxq,1
jã¥š,1
qnx,1
zqmh,1
Ú§nØºxÆ¨b,1
txc_,1
Í½e,1
0ial,1
Æ¥,2
cxm,1
yyjr,1
tfì‚Å,1
tqdj,1
gsm8,1
ke4h,1
äµ±j,1
wÃ¸,1
5lu,1
zxÏ„,1
ujnzh,1
Ö†k,1
54w,1
qÑ‹nfÎ¸fÅ£İ°,1
xlou,1
pext,1
qjgg,1
ÊŸ,2
5bw,1
oÄ›,1
6qf,1
1shu,1
uqa,1
Ñ„,4
edq,1
uze5m,1
ejruc6bowÕ¯mp6,1
_x6,1
nyn,1
tzc,1
Şd,1
ggÓ†,1
vc2rc,1
qwq,1
0t0,1
tjÅ¥,1
anh,1
Ü¨y,1
m80,1
ddjp,1
zsvn,1
h6h,1
ë¤¨j,1
Å‹gq,1
et7,1
vhd,1
wĞ´4Ñ…i3,1
q1uÊ‰,1
Ş£,1
7Î¯,1
fmofw,1
iwf,1
ê«›yua,1
6Û¶yyÆ£,1
Ï«dj0,1
awo,1
ëƒ½,1
g1yj,1
È±Ğº,1
t7osl4,1
å’´,1
Ï„q9Ã¦e,1
iÊ´,1
qndm,1
bixbÃ¸pk,1
auncd,1
0jy,1
ppx,1
zpp,1
6É©x,1
kpgu,1
bc_,1
n83g,1
Õ f8c7utxaİ,1
Ò±9k,1
blvd,1
tejÚ®Î¹c1,1
v4j,1
nnvtzvmi0b,1
Âª5o,1
Ô›,1
l94è¸Š,1
ukz,1
cÏ£e,1
t7o,1
mlldq,1
g8w,1
xqsd,1
Ş†2ufp,1
39l,2
4rrq,1
Ñ–r,1
Ş’j,1
ÑŠ,2
y22,1
Ê’,1
8pvyab,1
jjb,1
Ñvm,1
nkhoiq,1
Ñ³,1
jjjn,1
lÑif,1
ptqt,1
tih,1
Ú°,1
Ğ·o,1
Ó£i,1
k7oß‘,1
sb8,1
7p3,1
pp10u,1
8zg,1
q1xj,1
Éab,1
nl,3
zoz_b,1
qp5,1
w538383,1
qpb,1
Â³,1
zgpg,1
mln,1
62860,1
26765,1
İ½bzm,1
xpdp,1
txi,1
gf6,1
9sz,1
Ä³s,1
Ç§fl,1
eå…•2,1
ä¢y5Ô¡,1
u9o,1
ì²…de9,1
ã˜s,1
1pae,1
2jl,1
tvt4,1
Ïi,1
vìª’áƒ²,1
tlÈa0,1
1cqgaqp,1
qÉ,1
qfu,1
4ag,1
vtxvc,1
vÑ‡,1
Ú³t,1
mba,1
uux,1
tbya_,1
mÔ§,1
dag,1
k2a,1
zwu,1
È¶,1
uwkÎ²,1
è·‚,1
ftw,1
2ak,1
lza,1
cpv,1
aij,1
daiq,1
16q,1
r2nuh,1
2uÄ,1
aap,1
2ur,1
crt,2
èŸ¢,1
ww0,1
sdqq,1
qÄÄ‘,1
d79,1
eny,1
ytyqy_z9cu,1
ÓŸt,1
uê,1
c6ic,1
_lz,1
dza,1
1ar,1
İµc,1
oth,1
gthj,1
Ã°2l,1
cqhr,1
gk7,1
fpc,1
r2j,1
cÚ–,1
uuq,1
dvq,1
id2,1
×‘d,1
5fÅ¯,1
tluq,1
Û•p,1
wÒ•1aqja2_,1
err,1
pqgz8Üª,1
wybv,1
lÒ¡d,1
ÚŠle,1
Ù¶Ù¤vj,1
mmi,1
blosĞ¼Ü¨,1
zza,1
bqÔ‹yzx,1
Ö…u,2
Å³h0z,1
7mx,1
Ö‡,1
b46fbvl,1
6Ê‹rvnx,1
eki2,1
nl9ma,1
v4fi,1
bm4chw,1
Ú—mgi,1
aop,1
cÏ²gp,1
bwh,1
ao7x,1
cox,1
aÇ,1
Êi,1
t2d,1
tba,1
bÎ3hÅ›i3z,1
ÚŠmÍ³,1
xjl5cg,1
Ñ™eh,1
kp2,1
eldx,1
ÇŒx,1
ag6,1
É©a,1
dkÙµĞµb,1
Ğ½ak,1
rÙƒa,1
cga8,1
82zu,1
che,1
wgg,1
glf,1
ivz,1
mdİ²d,1
Õ¾j,1
zbu,1
7vaj,1
Ã£4,1
prw,1
yy5,1
nif,1
Ç’vk,1
Ï’dy,1
niak,1
did,1
eid,1
aif,1
eiik,1
yŞ’,1
fiuk,1
yÇ’È¼d,1
yß’,1
Ç–d,1
rÜ’gd,1
yoh,1
rÒ“wdny,1
rÚ’Ï–d,1
m4k,1
Ù„,2
mË‡d,1
Õ´Ï‡,1
ooq,1
a_Ñ¯7,1
do_,1
zckiy,1
5z1j,1
spdu_,1
asu,1
t_js,1
ÊŸwr,1
tay,1
İ,1
_9,1
kf_,1
Ñk,1
uvÃµp,1
v7p,1
p7l,1
vcp,1
0ì½,1
w5x,1
Şƒhc,1
e2iw,1
Ê…,1
e2mp,1
thx,1
sÊ•jr,1
Ê§q3s,1
Ö…Ê·psn,1
__ß”3ywqir,1
pjujvq,1
uÒ±t,1
eÓ«5t,1
f_o7,1
cß¥,2
xvtr,1
oï©‡,1
gqz,1
brjzf,1
tuso,1
__3ywqmrm,1
m6d,1
Ó†k,1
m6m,1
xÆ«thx,1
Êµzv,1
uizvk,1
mvvbv,1
vkk7h7jnhk,1
Û´Ûµu,1
zmq,1
İ©İ¥m,1
hÛ´Úƒ,1
ÓŸkoiokh,1
Ú‹k,1
Õ¾kik_h_j_i_kh,1
Ú·w,1
w7vv,1
kÔ›f,1
8vuwo_,1
brj__m,1
Æ•u5,1
zcqxm,1
h30,1
cqÃ¿jkgo,1
une6,1
gÆŒk,1
Æ«k,1
cs3,1
q8kn4,1
tljÍ´,1
Ô¥l,1
ks9,1
n2,1
w6vmqux,1
gkm,2
wdz,1
é‡´vg,1
joq,1
jÚ“x,1
tnl6o,1
nÒµ,1
eÑŸt,1
cëŒ·0,1
07,1
ÇŒv,1
ykÃ¹,1
cauf,1
bm6g,1
zë…Ÿg,1
qssljy,1
3tqf1cx3ÏŒ7,1
xxae,1
oyvl,1
Ïƒb,1
br3ud,1
karr,1
mÔv,1
Ã½44,1
8nv_m,1
jÎp,1
Ù¯,1
khfm,1
Ğ²,2
sdg,1
yÆ’h,1
yyg,1
y11,1
Émtg,1
oga,1
ì¯¤p,1
fw7,1
aÔ‡xlh,1
iaw,1
á ’m,1
eyl1x,1
Ş–,1
İ–a,1
ocm,1
dcc,2
cntu,1
gï´‘6,1
oevte,1
xu9xa5Ô,1
Ô“y,1
kì©‡ns,1
xÂº,1
wyj,1
sq2,1
qs1,1
cßª,1
vß…,1
qhe,1
Ñ†9,1
Ñl,1
8n2h,1
f__a,1
l8gc,1
r9dxĞº,1
ybæœ,1
É˜k,1
fypbmb,1
tÑ•t,1
1ë¦k,1
2m8k,1
foĞ¿,1
nf_,1
xrh,1
sİ¿73,1
Äoqw,1
oĞ¿,1
wm8,1
yÕ¦,1
ì—c,1
igazd,1
È‹u,1
hpb,1
4stk,1
9l,4
xw0t2z,1
btg,1
gÉµ,1
É¡,2
mr86,1
oqd,1
usß–,1
l8,2
yia1ki,1
8l,1
yhlr,1
qdmb,1
3wb,1
è‹­,1
zĞ±,1
Ú“,1
ms3,1
zl3ad1,1
fx8f,1
746n,1
ltns7,1
3bfnffwev7,1
foÛ¼c5s,1
Ğ½t,1
mxv,1
vggo,1
7zs,1
ezfh,1
mcc,1
É“m,1
p1v1l,1
oo1,1
1ab,1
b5zÚŒ,1
zmmwa,1
hÚŠl,1
Ù¶r,1
6e1,1
yoÖ‡,1
ax1rv,1
È—rd,1
ncz6,1
ÅŸaÏ²,1
bowav,1
ulw4,1
İ”,1
pji,1
wtowg,1
zuo,1
Éœy,1
noÉymk,1
en6qts,1
Çµm,1
5mj7jzylrx,1
jyf,1
Ó“,1
slk28,1
ã³³kÄ³,1
eÓ­r,1
s2_gph,1
bnÛo1yr,1
ihÏ…,1
v9k,1
vyh,1
hw9,1
Ø¾t,1
Ï›0,1
Ğ¿_n,1
3gn,1
Ñ‘a,1
äa3uq38Ï,1
m2fÕ©1kp,1
2yl,1
onÑ—0nÜ•mh1c,1
d_r,1
fÎ½3yu,1
0sfy,1
uÉ,1
Ç½4,1
g9b8p_t,1
fcnjra2o,1
zjzd,1
87onpİ²,1
y4cajonÛ„,1
mfu,1
fÕª,1
rfh1,1
_rg,1
jtk,1
fvphwjx,1
0ac,1
6kvo,1
r1ond,1
Ô¡17,1
fÒ“,1
rla,1
tkrh,1
bqc,1
e3wyy9pÉ¯,1
cvİ™cv,1
Ñ’gay,1
é³“,1
vn3,1
_wy,1
rŞ¥yb,1
pÕ¦,1
_lbo,1
ã€¼,1
ztj,1
xch,1
vz2Ä¥,1
Ä‘,3
bxtuikps,1
9xÆª3pdqmdi5,1
z_70Ó£,1
Ênhh,1
0_d,1
j_9,1
Ï°v,1
rns,1
bheama,1
vbÉ‹,1
É˜,6
mwm,1
d32t,1
z9b,1
szj,1
Ê±bqw,1
lkk,1
rÄ©k,1
rrlh,1
kÚŒ,1
m9v,1
Ç»x,1
wlq,1
rÄ¥,1
mg3,1
sev5È…yt,1
sÕ¢e8bq,1
him_İ°Ù¡,1
Î¶t6f,1
noh,1
wxgbb,1
gqwb,1
1kq,1
ÔbÆ«,1
knw,1
cymÚ”5u,1
drn,1
gvÈ±ue9_,1
Îµmu,1
İ–,1
jgs,1
zxcs,1
jdvh,1
ç¦¤,1
lisÜšh,1
1w,3
wfzzwÒ£y5,1
ssjgÏ©v,1
wr2tfu,1
yye,1
kkæ¸«kg,1
rnjniuu,1
viammui,1
1Î»×–Ö„vbskkfui,1
İ¥å•…e5Ò¹,1
Ö„,1
jy99xbä¥ª,1
É”j,1
q6t,1
sÑœ,1
xiuj,1
İ¿x,1
qwkiw_sux,1
xu1ç…,1
àªŠ955,1
ssÏŸr,1
ux9gajq,1
5vu,1
tvq,1
sqru,1
zssrì¹p,1
Şˆ,1
8sÅµrn,1
bÜ¢bl,1
puvb,1
Ñ¹t,1
du8a5uersz,1
vq8b9rt,1
Î¼,2
ajau,1
aÇ¿nÚ v,1
Ù z,1
nki,1
e8v,1
jxg,1
ixk,1
plw,1
6wis,1
vz6_,1
alp,1
tkpj,1
0gl,1
l0mt,1
0pb,1
gb_,1
zjÈ¯,1
cb4,1
ufh,1
rbp,1
yn2w,1
h2,2
4ih,2
t0o,1
bx_a,1
É®ß•m,1
oixsvl,1
kxi,1
qvpp,1
dgä,1
ixb,1
uzz,1
yea5,1
æ²,1
ujy,1
cxÒ™,1
1lp,2
dŞ€z,1
1Ï©,1
Ş‡vk,1
tj0wb2,1
khbo,1
tubz,1
Ë¤,1
nl1,1
_040,1
a8s,1
Ña,1
2gl,1
0sb,1
0yb,1
khyb,1
Ê¹,1
wÑ”,1
pmk,1
sŞÚ¼,1
jkkj,1
Ä‹gg,1
muyju,1
oux,1
qÒ«È™,1
2È¼,1
eèŠŠ,1
cjn5h,1
wjsn3,1
4evŞœmf,1
jw2,1
ozÕ¬iÛ¦miwy,1
yÄ•,1
7nØ¼,1
faÈ•y,1
Ò­h,1
jes2t4x,1
xsc6,1
f2_g1,1
h6u0xzç°”a,1
p_s9İ¤lc,1
Ç˜,2
È‹æŒ,1
g_q,1
Ï¯3,1
x2h3f,1
Ã´j,1
oxj,1
ruz,1
0zd4q,1
tmw,1
yiwn,1
waÔ“n,1
c0t,1
wlkhovbmuØ©,1
mcg,1
vpb,1
ccby_,1
bmx,1
ã‰‹ew,1
iÆˆx,1
ao8,1
70o,1
ofisc,1
niii,1
riÆ¨,1
yhÓµ,1
0im,1
twx,1
4k,1
ftq,1
pp3,1
r2m,1
74Óµ,1
dfitrltĞ½,1
ÄŸkz,1
Ç‰ysq5,1
nÊ¥,1
Õ´ype_,1
dkcÒ¡,1
rcu,1
uuj,1
z2hÂ¼i,1
4khk7,1
oÚ­s,1
oè¸¦gmhdi,1
p_dcc,1
ÏŸck,1
Ä§sio,1
Ú²eÊº,1
ë»§l,1
Ü”fb,1
8gi,1
Ü¢bÜ®b,1
coi_,1
8Ù©dot,1
crdt,1
Ï†m,1
ujp,1
efh,1
mÕ¥j,1
ydmÄ«È,1
Ê±çª›,1
zpbddb,1
Ã¯sr,1
y3ly,1
rzx,1
yrÓ¿,1
3fv,1
gvscmu,1
slt_Ï—,1
4hÆˆ,1
Õ¨sz,1
xyu,1
q74,1
fxnal,1
hê¡“,1
ffh,2
vedgd,1
Ä›bÉ‘,1
Ú‡stqr,1
Ê·,1
fnv,1
0Ú²,1
izt,1
Ü•lp,1
h93,1
gvÏ¯,1
bh7i,1
Õ¸b,1
chnjgw1wojmÜ›,1
rnì— w,1
wzz,1
i7m,1
kli,1
f4qf,1
qx7,1
redzs,1
ajfo,1
3kuÈ´h_tbdb,1
j4it,1
Ú¸5,1
3ÆŒa5,1
a7d,1
hlh6y4,1
wqmtvm,1
tlj,2
3pqu,1
wox,1
qr3,1
vpf,1
r1unmiÇi,1
eml71_Ù‚m,1
Ú¢m9mp,1
xÆ°n,1
qxÅ™,1
j9u366j,1
ew_x,1
s9n,1
ÓŸ4,1
Ä³2,1
wsq,1
tfn,1
gih,1
lkp,1
vmzo,1
7jwui,1
ifx,1
zeÚ³,1
k49,1
Çµh,1
zsugİ¸4,1
n8Ğ´qw,1
ß¤Û¯,1
ßewo,1
alwor,1
ewÄ¾,1
hì®œ,1
qqq,1
3sf,1
×¢lx,1
tÔ“i,1
q9zgvit7,1
Ø³_fyw,1
dfhsv,1
49cs,1
pxsn,1
xlÎ®,1
dkcz,1
9ë¥¶,1
p2t,1
m93g,1
t2el,1
itoio,1
moj,1
fssxp,1
Ã³dy5×¨Ñgyaywwİ·e,1
0lz,1
xÈ,1
ved,1
mgos1jmÑ¹,1
xeo_,1
3scmx,1
d1m,1
o10zz,1
85hc,1
vÚ©,1
yhn,1
qmkm,1
pï¬”a,1
jgdv,1
goxjí™,1
lt2,1
xiv,1
zhÆ¶nvv,1
Ã²,1
Û’cÇ–,1
amÚ,1
_0s7sj,1
tdq,1
ß¡lm,1
dh2k,1
nxmmg40,1
lj6,1
qá–—,1
dhi,2
Éke,1
foj,1
2vj,1
cfaq,1
qiev,1
4uh4e2j,1
sÚ²,1
vzm,1
nlnln,1
Ä10,1
Ï¼tza326yxe,1
4ğ£¢Š,1
hqs,1
v9lwf,1
_eral,1
k08lz_,1
gë½¤,1
v988,1
Ï¡7o,1
yÇ­,1
äº†o,1
d4Ùƒ,1
Ô‘j4p,1
Ãªki3whw,1
Ä‰,1
heg,1
54u2g,1
qao,1
zzÃ»n,1
2Î¬,1
czad,1
uy3k,1
f3o,1
gØ¹,1
ojd,1
iÉ½t,1
pwhoe,1
Ã£k,1
m9m7qn1dx,1
u3m,1
fgij,1
È‹5,1
rà®²,1
Ê‚jg,1
dÏµ,1
4kfudz,1
0vq,1
fye9t,1
Ù³mÚa,1
éª·e,1
Ú„Õ®,1
jÕ¥,1
casgra,1
10bc,1
aqd,2
Şi,1
tĞ°,1
aÆŒ,1
blmìœœ,1
aÑˆ,1
æ‰,1
Ï„j,1
æ¥,1
tlezaq,1
ß¡drtcl,1
_phk,1
pÒ±,1
Í±q,1
rvn,1
1nif__,1
vØ§,1
31caÅ‹0z,1
ë‡_,1
nol,1
vwe,1
olj,1
Ñ†1,1
j3o,1
n6o,1
xb9w×°9,1
gÎ²,1
ë§œqkulg,1
0Ñ³r,1
jÎ¿,1
66j,1
awtz8xdqqol,1
4jl,1
åº¶,1
5Ô™,1
hÎµg8,1
s55f_lwa,1
ru6,1
txu,1
e26,1
sjuc,1
a6h,1
gÊ±,2
8i9,1
kÜ«,1
yvg,1
yarc9i,1
bme,1
ywz,1
Ï²,1
xÜ¢g,1
hoc,1
j_Ç,1
mdmmdh,1
fÅ¼,1
pgk,1
ubccÉ,1
oÒ«v,1
o97uv,1
alb,1
dfk,1
tw×˜,1
e25,1
kíŒ˜,1
d26zw,1
t5gu,1
wÉ“rri1,1
rz08x_pmp,1
hrÃ¸d,1
h80,1
25lÑ¯t,1
csug,1
0b2_v,1
bÜ™,1
e_6ewÇ£,1
hrÊ˜,1
mfcm3h,1
cn7Î¯n,1
dya6l6,1
4joh4,1
45u,1
yiy8hr,1
İ¦cj,1
lyh,1
_bÏ¡nh,1
wÅ‰,1
È—vÑŠp,1
dgx,1
gsz,1
nÄ‡,1
lsÊˆsq1g,1
ntay,1
Õ¬uyr,1
Ç¥ÒŸ,1
v9y,1
ahfnxo,1
kxktq,1
uosa,1
fpbt,1
nk10gvu,1
Ù»4imq,1
Õ¦,2
Ñ»w,1
arim,1
Ç‚ey,1
_q4,1
İ¼wy,1
sÃ _,1
f3nxtì‚‡,1
yÒ•pm,1
plh,1
lbqaf,1
wÉ§,1
pfru,1
rj5h,1
trk,1
prí‹ºp,1
m7v,1
ÓŒfdo,1
qrj,2
aÑ•g,1
dk8vÛ¹i1×›,1
iwvwyane1,1
Ô…pgs,1
Ç€,1
av5,1
i6j,1
c48,1
to4wfmq,1
ßªxÏƒ,1
bt0zfsqhy,1
adÔ—,1
kmmff,1
lÒ—,1
nfi,1
iiÊˆÚ³,1
Ù¿,1
zut,1
plzbkm,1
Îj,1
1jvxn,1
tl8,1
buØ¿gtÙ…,1
pcc7,1
jÃ½i,1
_5,1
kxfur,1
1É•,1
0n,1
sgxa8,1
jshxxd,1
4yi,1
25c,1
v5y,1
bkbs,1
um5,1
_cqc,1
smj,1
k3c_h,1
Æ°i,1
v_ch,1
é£ljig,1
c8Úc,1
bczjh,1
9pm,1
gelke,1
Ücb,1
anp,1
5zc,1
riock,1
ë…ck,1
hhsiv,1
o4æ ‚t,1
joe4,1
ì¨ˆ6,1
ijno6p,1
php1,1
w0id,1
odfq,1
sqqh,1
rÇ‰wbz,1
Ò¥pclx,1
wfx,1
0mnnpÎ³,1
Êˆ3,1
shbcet,1
pÛ®,1
6gÄ«,1
o23t,1
9nq,1
5l,1
Ê—bjqv,1
olÇ‰_,1
u8x,1
Ú“hs,1
mkqbopÑ¿,1
ihi,1
lÈ7,1
pÃ¸iu,1
jÔ¯×±2vf,1
f6yc69væº®,1
agwrz,1
6kri,1
bmk,1
pzi,1
jcpbr,1
jup,1
cef,1
jtf5rrx,1
zcİœ,1
odÈ,1
zuÅ€0j,1
h71,1
Ç˜1,1
nÏub,1
e30,1
jsb,1
6Å±2yd,1
aqy,1
É¤zv,1
0Ò™ê¯·,1
h60,1
Äƒu_,1
ti53qb,1
qn8,1
niyyqdm,1
r9b,1
chÚ¤,1
8cvvj,1
É‹o,1
kwuÉ–,1
Ñ‘vom,1
xaw,1
ltj,1
bqbly,1
tfvcm,1
iqngjzmwŞ±,1
6juzu,1
moc2zÛ°,1
ihy,1
2mÏ’bm,1
2qtmjr,1
of9,1
iÛ®,1
Ò¥b,1
hsh,1
vip9,1
gj8,1
ÃŸÏ€,1
x03y,1
wËŒ,1
È“f,1
ÓŸq,1
ä…˜,1
7m7,1
_Ğ±,1
9_0,1
44936,1
17989,1
7Î¾,1
tair4,1
m4clb,1
gyf,1
fw677,1
İºg0,1
nqÏ¸,1
52i,1
aØ§u,1
zsku,1
rek,1
lpb,1
Ó§zf,1
li0,1
gyp,1
vzi,1
ryzm,1
ypÈŸ,1
é®¬lhv,1
2qbn,1
ruuuf,1
bzr,1
r_ba,1
9w2,1
eÈ“xmk,1
Èb,1
uÛ…,1
pt58m,1
2bÈb,1
nmlv,1
dekkj,1
45b,1
wlw,1
Õ¼b,2
dybnmh,1
9_È‹vvf,1
lcsx,1
nÈ›s,1
aÏ¥,1
sel,1
zr1,1
bdha,1
Æ£ehĞ¾s,1
ç 5ot,1
disÊ”ë”»g,1
e4,1
wwykj,1
á »,1
slr,1
Ê„,1
svx,1
jxl,1
Ï«zÍ»gu,1
2ui,1
rÓ½2,1
tlq,1
tv6,1
5_a,1
xb0,1
jki,1
dÇ³,1
wbo,1
qspfzi,1
okÅ•Ä•,1
jkrap,1
dçŠs,1
csqtb,1
4f9d,1
ß’ob,1
2Å©8rtlbu,1
5j2,1
uÚ”vxty,1
c9k9,1
fmx,1
kÚ¦htg9,1
İ±,1
d8z,1
lu7,1
gyihvp,1
ym9,2
itgbj,1
ecjl,1
mcØ½,1
gaa,1
ÅŸ,1
mcwh,1
Í¼co,1
caÏ»x,1
hxkt,1
Ñ‰ky,1
3p,4
ieb,1
Î±Ò­tzbezÊ²,1
k5Î³fz,1
bÇn,1
Ïbij,1
7_,2
jjqu,1
_zzc5,1
0mb,1
È¶0mc,1
ryhc,1
fo0,1
lye,1
4ÔnÓ„,1
cyhi,1
pÎ²p,1
aexfx,1
h3j,1
ÚŒ,1
Ò­4o,1
zv6,1
wbw_x,1
5_zcÄ±,1
7p5,1
Şƒo,1
zlÃ®,1
iÄ­,1
×›,1
d3fcolf,1
fk6,1
lfÛŒ,1
c3alf,1
_mf,1
ÉjfÜªdíŒ5É‰,1
nk2,1
ÚŒdÉµ,1
m33f,1
2l3b3j3f3n32f,1
fdhh,1
lffÛŒ,1
k32f,1
63mf,1
frjamx3,1
z6hÏ¡,1
È«ul,1
tzki,1
è´,1
pqca,1
dØ£,1
ksut5uw,1
5ts,1
vqqh0Õ±xo,1
jow,1
Ú„w,1
Í±vz,1
kŞ…cwà¼¨b,1
htt8,1
5_f,1
ŞwqÇ½,1
1joa7,1
j2k,1
jjvjjr,1
jÒ©4,1
cekxdt,1
qvroo,1
rpn,1
aqiye9,1
Ï„et,1
2zn,1
iÏ£Ñ‹5n,1
dwÑ,1
h5u,1
cukxdtİ­,1
qv7,1
zhum,1
m6umfhlh,1
k9zvi,1
bmvk,1
zvuk5bvÓ—hkzakd,1
ujmv,1
nnnn,1
efvn,1
aqivvvvvvvikvve,1
Ó·kkohoj,1
wwkikohojoiokhjik,1
Ú§n3s,1
_cÚ¯oaĞ½kwnj,1
fswo_,1
y9ye,1
sck3,1
_cÆ°t,1
bafÏŒ0,1
f9l6s,1
n0g,1
on0,1
3Ô“,1
fxfzfyf,1
o3333333333s,1
e2ost,1
roc,1
Õ«qÙ¾xÆ¾n,1
ne6kt,1
mÍ±,1
é•°,1
xÏ„,1
Ø­,1
rØ­,1
r34,1
km6,1
Û¿sxq_,1
Ø°jx,1
ßŠ,1
tpw4,1
hhb,1
eu5,1
bkf7cp,1
kdyl,1
qÔ•,1
ja1f,1
×•bqe2×•,1
qsd,1
Ó•p,1
8nw,1
mèŸµ63hkÒ—iÚ™håœ6sf2,1
mlv,1
ycnhoe,1
éƒŸ,1
isuu,1
q8sÜ©,1
jgj,1
zms9,1
syo6f,1
b6,1
v8Ò2,1
voy,1
9un,1
wqd,1
trg,1
04uev,1
g9yprr1,1
cx7,1
dzmdfm,1
9_sgb,1
Î¯hk,1
9ys,1
tmv,1
iqio,1
yr_,1
Ç¿e,1
__l,1
×’77,1
ffk1,1
hmg,1
fe3jlw,1
Ê“m,1
ï²€,1
qy7,1
cØ±g0,1
ide,1
sd9,1
mtu,1
azv,1
Å‘0,1
sÃ ,1
Ş‘,1
olyq,1
2zxp,1
dld,1
xnt2Ü˜q2,1
Ï3xn,1
ç¥_v,1
È‰4,1
É¨a,1
2q0,1
wxc,1
5z2,1
cv1,1
á–k,1
p1f,1
fvk,1
wsp,1
bji4,1
Û€p,1
h39v,1
wps,1
bff,1
Ã¬p,1
sech,1
m0x,1
4x6,1
xÆ™,1
ÇŸ5,1
olc3,1
4fc3,1
sİ¶oiİº,1
b8jf,1
d0i,1
jvÉ«,1
É¨d,1
tlo,1
ä¸€d,1
xvc,1
jg8g,1
gzg0,1
Ï°ÆŒvx,1
8jÔ“8f,1
xjppt,1
hmwp,1
u52i,1
fcj,1
egd,1
8tg,1
1s7i_Å,1
1mb,1
lft9c,1
iq8n,1
jqs,1
rti,1
wrd8,1
æˆœ,1
ïª¥tb,1
1ebw,1
g8y,1
5Ñƒz,1
Ó³l,1
pÚ•,1
2z5v,1
zd_oİ»İŸ,1
4c7,1
c8l,1
1ltlj,1
4c8sh,1
fafyts9İœa,1
syl,1
vl7,1
k3×›ggg,1
Ï¸ddtmi,1
73Å³a,1
cÎ­0q,1
y8s,3
Î¼3,1
Î¼wyx9,1
fèœ¹,1
Çbc3,1
bolp,1
21o,1
3hg,1
Ê†i,1
bukb,1
ÈŸpqxn,1
Ä¯k,1
ß’,1
nt48,1
5usbvÇ–,1
Ä—vvul5,1
slmdç³›,1
von9a,1
wvuyr,1
dllf,1
5j3,1
Û•,1
Ï¡å¥npu,1
btk5,1
Ï¡efq,1
è­¬Ä“,1
á¿—4kr,1
uon,1
Ï‘,1
ukß‘,1
awp,1
we8Î¼8,1
Ï­0,1
upc1b,1
henw,1
zcÉ°,1
ê¹¬×›,1
bÍ¼,1
ê—,1
0xg,1
Ù¯a9b,1
m7k,1
98gb,1
Ñ±49k,1
Şyo,1
wÇœx,1
ugp,1
É·a,1
glw,1
8vxb,1
Ò“ye3,1
gl6ui,1
76gq,1
949ihb,1
ptpb,1
fo0Ç£1gby,1
zl9s0gm92gÑœ,1
Ê‹n,1
a5vd,1
İ˜_m6,1
taÃ¹,1
upwsn,1
iÆgu,1
tguÄ¯,1
chh,1
x_x,1
9x7,1
y_ey,1
cë“»,1
kpzg,1
gtho,1
zÕ³,1
ì†±Ï‡sb,1
oituti4,1
lk1,1
mybzu,1
uÇŒ,1
v_nÔ£,1
Üš,1
İ¢,1
wlÜœ9v8,1
zbè¢’,1
3kÖ„md2y,1
esk,1
nuÒ©,1
hux,1
fbd,1
izw,1
lns0mi9,1
pbjbt,1
kk7,1
a8tÑdl,1
ê­¾,1
adcx,1
eÊ«nu,1
lpa,1
åˆ…,1
qnp,1
x_q,1
bycÉ¥,1
Ä­9,1
i3x,1
lpyk,1
rwlfv,1
vxh,1
ï´¨i,1
dgn,1
iÉ“,1
6n1,1
ah7,1
wl7Ä­,1
Ó§a,1
vxtb,1
kwarÑ·,1
qta,1
fdÑ·,1
hpu,1
vcva,1
yaÉ³,2
kex,2
Ã²g,1
ne_v,1
zÄ™Û°,1
v9dr,1
xwÛˆvlk,1
0Ô‡m,1
wceu,1
vrÉ®,1
s4m,1
chz,1
zxfli,1
Å‚,1
qnz,1
É z9dm,1
glz_kx,1
h96,1
wjÄŸ,1
r56,1
uwaoxoko7o,1
47_r54bj,1
qxqi,1
Ùµ,1
cxxe,1
tab,1
r1q,1
fnq,1
Æšu,1
89_v,1
qp95,1
3wcÑ–,1
mØ»5m,1
ä¹¼,1
4rjk,1
mkinlijmi64755,1
mkÎ¬nny,1
_wrk,1
å­,1
qvmmh47v5,1
n6a,1
xljinimnlttz,1
umfek,1
pyŞŒa,1
llonmvosk,1
kozÅ,1
Û¼u6,1
m5ŞŠÅ£bp,1
imxniu,1
vocyjoe,1
Û¯,1
y75,1
xw8,1
4ix,1
zÊ«,1
3olb,1
wÆ•,1
jÚš,1
fon,1
vere,1
msc,1
kÊ±,1
_is,1
zceo9gukc,1
ubv,1
xedpå¼¬q,1
3tbÆ¶,1
owm8qu,1
xuİ™,1
Õ´grs,1
Ûu,1
omu,1
fgnqvj83,1
aygpv,1
m2kkg,1
Î­,1
4kh,1
cìŸ‹xbj,1
0ct,1
bng,1
0bp,1
Èq,1
wbna,1
aoeo,1
wihn,1
Ş“l,1
ojxc2k2w,1
ixq,1
y3h,1
jè”°y,1
6Êœg,1
c2ises,1
puji,1
zde,1
nug,1
e2qagz,1
tbi,1
hiq,1
w2kbhia,1
v2cn,1
yebn,1
Ê,1
avixÙ¥8,1
lgf1eyyyk,1
8dnu2q,1
vew,1
zzu,1
Æ¿b,1
éŸ¡ßo,1
a1Û…d,1
Ğ¿,1
Ñ¿ml,1
_b,1
9zf,1
ã©,1
qom,1
eŞ,1
Ûu,1
oex,1
ß€z×¡,1
5jchut,1
k_ì®,1
aÏ¡1Ó­hvoÙ´x,1
âµ›,1
Ù´59,1
ozuxeiv,1
ouÎ¬,1
ecÚ‹v,1
nij,1
qİ§nÍ·m,1
Ä¾k,1
ËŠ75,1
İ´,1
zsuqeveqyvy,1
Å¥y,1
s0yÅ›f,1
kz4l5xÊ¦Å“,1
o4x,1
vaq,1
plÔ¡bsc,1
ğ¥x,1
kÉ±0,1
tyhp,1
Â¹,1
mxŞšĞ¶,1
Ú†qe,1
gfcxÔ‹Ä·,1
xwc,1
Ç»,1
oub9iaÆ¿,1
Ä—hs,1
m24,1
g7n,1
nrv,1
t347,1
kij,1
åˆ‚hÈ‡n,1
kâ’‡,1
Ä£ui,1
o×—aw,1
a_jÊ¢,1
hzn,1
yËˆ,1
sh2boo,1
3gadÄµÈ‰e,1
tÏ£,1
4hljt,1
ß6rbze,1
ggeet,1
pİªaqÍ¼è¬¦h,1
prp,1
syrw9,1
2ltyrjiy,1
jf5,1
tÊ•,1
qnzl,1
ku4,1
ÓŒr,1
Ü,1
qpgojf,1
xfh,1
mÔ¥0,1
È¯mmj5,1
b3g,1
gdv,1
fÓ»,1
Õ´Øª77k,1
yÆ¡cÇŸ,1
x6iuizb,1
6xl,1
ddf,1
gkaa,1
xflthl,1
å¨‚,1
j4x,1
pr7522,1
kÚ±,1
h_esfi,1
á®‹3,1
wpt,1
zxoq,1
à¨¤È©,1
è†®,1
_ausguqt,1
å…‘t,1
oÄ…d,1
İ©,1
nqvprttc,1
ccq,1
c8_q,1
tnj,1
ktb,1
htb,1
xz3,1
xsÅ†,1
8esvn,1
8drziy,1
yÒ™,1
6mner,1
ocg0_6e,1
ÆŒn,1
dÂ²,1
q8á»…,1
ÜŸÓ¯,1
pjr,1
Ç‰s4uall0r,1
r5lÊŒk,1
Ù‡,1
ag3,1
jjn9atolv,1
4uo,1
Ó›bg,1
xzq,1
8dxx,1
vh9c,1
lÉp,1
2qn,1
fef,1
ttovvwic,1
pay,1
7aas,1
jtf,1
pŞÉšz,1
å²©,1
1gakk,1
bkn,1
op_,1
kkou,1
Ú¿,1
iuvrÕ¥Ñ¹u,1
p2wÈ…,1
_jc,1
type1c,3
185,1
xcd,3
ddds,1
h3a,3
cejsg,1
002d,1
q0200sht,2
a9e,1
È³q,1
yØ¿,1
307,2
1240,1
963,3
65568,2
186,1
cidset,2
179,2
registry,2
ordering,2
supplement,2
1474,1
2463,2
2867,1
3116,3
430,1
180,2
181,2
189,1
ddv,1
lqi,1
cez,1
002,1
kqd,1
3012,1
å¹¿sm,1
bÑ€pmmm,1
Ê¢,1
kjqfz,1
q_w,1
a2yv1000ej203x1p,1
muÇ­f,1
toi1,1
diq,1
qÃ¾srn,1
7k5m2,1
ubvq,1
byl,1
Û¹cw,1
pÅ‹y,1
agw,1
xcczre_ons,1
syx,1
çŒ¡,1
14673,1
lcÙ„,1
bib,1
b3h,1
Ş„x,1
eÊk,1
ë–¬9w,1
é,1
fsz,1
bq8z,1
7íŒ´0n,1
qxfv,1
8w9hx,1
ckf,1
Ú‚mhil,1
kÑ…pk,1
Ğµ_,1
rbfwj,1
m3ro,1
rÑ†k,1
ocjm,1
t3_4,1
Ï°up,1
ufw,1
Ä«d,1
4uwzr,1
otiÊ½cc,1
í±iz,1
1ë,1
h9g,1
xÊ£zll,1
aec,1
2Öƒz,1
ß£yÈj,1
jkxÊŠÒ“hnnvf8,1
llfqÕ¨uj,1
cri,1
33_r,1
ëŸ,1
uea1h,1
qo7,1
hrÑ±f,1
gw_,1
okx,1
â„™8,1
É‘ìˆ½,1
Ål,1
j_z,1
3tÄ£5q,1
zkâ¶º8,1
1jjßƒ,1
xrito7,1
_sk,1
ä¡¸jr,1
_yklrc,1
zth,1
ë·¥,1
0pu,1
vbiodq,1
vi_,1
vty,1
Ê‚zpÚœl,1
_508,1
brê„ˆj,1
hxt,1
khpi,1
qmhz,1
Õ³6ed,1
lypjs,1
fÈ,1
i0hnk,1
Ó±t,1
zbr,1
Ã­s,1
rdr,1
cflÏ—dlÕ»É»wgk,1
oŞ¥,1
erqa,1
61q,1
2lbb,1
bbl,1
lt01v,1
f2d,1
l41d,1
l1qd,1
lt0qd,1
l0qd,1
yld2d,1
bl1,1
l0d,1
lp1d,1
l01ad,1
4lp1db,1
ld3,1
x37,1
n0w,1
oxx,1
o3q_3,1
l3q1s,1
lcb,1
lml,1
ë™¸k,1
0q5,1
0v0v0v0v0v0v0v0v0vp,1
kntgn,1
zci5uÏƒtn,1
4hi1,1
qzhë£±,1
sgr,1
p4r,1
fqj4r,1
usfyi,1
jhfqj,1
erÊ n,1
jÉ”,1
l4jbl,1
rprc,1
jjj,1
bcj,1
é±¿,1
jszÒ³g,1
s5_qz,1
3zoiqjg,1
fÒ£4Ç”,1
taj,1
c40,1
pÚŸpÄ,1
ajqj,1
jcr,1
mkvjß¡,1
bc7sÒ,1
4os,1
Òµe,1
jw3İ”t,1
ja0,1
rÚ’,1
zzjk,1
a4u,1
Ïƒt,1
jcaj,1
pê§´bz,1
uqÔ‘,1
vzj,1
Ê€sj,1
6ai,1
pqnx,1
t0qn,1
ji4tgfæ§¹,1
qrpr,1
3az,1
dddd,1
g2s,1
ajh,2
Ş…,1
bxam,1
sy3qh,1
g1o,1
dwdw,1
Ã 8,1
ß†ë®‡,1
kwæ‡¾5,1
ck2Ã¿wq,1
ÇŸxİ»e,1
4Ûºtoİ³mİ›l,1
hÛ¸a,1
Ïxf,1
h6t,1
7z7kİ®uuqh,1
İ¿Î»,1
İ½fukwv,1
7ly,1
qy_,1
lvw,1
İ,1
fvÏ„,1
3Ê¦w7t,1
703,1
yqmw,1
itv7,1
Ï¸8ht,1
nupf6,1
wvr6gfcÅ³9f,1
7r,1
tİ¬,1
fouÇµzn,1
xvw,1
qÕ¬q,1
eyq,1
ì¸,1
wjm,1
pmod,1
Ñ‚,1
Ã¨p3,1
Ù€,1
Õ¼7,1
Ï€7,1
Ó_,1
Ç€g,1
jva,1
okb,1
ghl,1
xxq,1
í„¥,1
8Ò§,1
l5pbzqii5_x6r,1
knu5,1
×,2
9htd,1
en8yo,1
biw4,1
npy9fi,1
2kspd,1
_zr,1
İ®,1
glrr,1
Ñƒqpdp,1
exnk,1
fvx9,1
nÄº,1
Ñ¿7vpb,1
hdÊ©,1
6uff,1
qxÃ­,1
hmv,1
qoÙ¼,1
Î²e,1
goi,1
wp8i,1
jeoo,1
a40l,1
hvhv,1
_É€,1
8jozx,1
fpljz,1
r8rn,1
6Õµm,1
ca9,1
gqql,1
hzeoÎºp40,1
atttt,1
trie,1
lkÚ™3,1
i1n,1
Ø¡,1
ve2,1
kq8,1
mÜ®tjeku,1
×¦,1
in4,1
lwsh2,1
Ê‰h2,1
Ê¤r,1
sbx0hd,1
hho,1
İŸf,1
31y,1
Ò—,1
cig,1
jar,1
zå¤ºxuj,1
vzze,1
sÑ©,1
hhhhh,1
5kh,1
Ô‘tpl,1
zxh,1
ljf,1
xux,1
7Ö„5,1
k7ez,1
izuÍ³otj,1
nh7,1
0uv,1
bl9x2x2Ù¤d2,1
uÃ³i,1
6ß ,1
Ü¤aey,1
sm4wunt3,1
jjq,1
3cfb,1
pf4f4f4f4fp,1
frq,1
_2Ã¹kppz8u,1
Ø´m,1
ë™±,1
xzl,1
d6,1
aqdj,1
7aÄ¾,1
nb5p9,1
Ã¨f,1
nlt,1
ndÈ£jfl,1
0ã¶´,1
top,1
cfm,1
puy,1
jygagguy,1
2whh,1
_eÉ¬,1
oa9,1
tfe,1
z7h,1
Õ¶jfv,1
ihf,1
nw8t,1
p___,1
ÉË¬sc,1
lhm,1
mÏ«r,1
anÑŠd,1
uzb,1
f×¡uhp,1
s33,1
2srf,1
ß—fur8wb,1
Çš,1
rjÑ”ay,1
Ê´lcb,1
lv5bv,1
7xd,1
xë«zh,1
ÙŠla5,1
lfq,1
tm2,1
Ê£t,1
1s3t,1
9go,1
h×©tj,1
tuzkk7,1
zÓ»ffhv792do0,1
İ½c1gn,1
xezk,1
skxbov,1
elb,1
jd×”,1
vljy,1
inllwyv,1
ne2,1
bczr7,1
hyq,1
cec,1
ÑœzÚ¯k,1
á´‚,1
yen_,1
nar,1
jwukot,1
5kot,1
7wuwl,1
6İ¡duk,1
ubr,1
jqxqxqf,1
ceix,1
gmln,1
5hu,1
È‡hÓ­,1
ucÑ’e,1
nÖ€6ixxg,1
ijl0,1
mg6,1
Ğ¶z,1
aeh,1
5mlb,1
É¤,1
Ú˜,1
2yr,1
anm,1
Ô­7,1
tßš,1
vsr,1
2gu,1
Ç¯4,1
zqu,1
acz,1
İ˜Ûº,1
e0s,1
Åf,1
bpÈ±,1
ÒŸ,1
vld,1
rf6m,1
4zbì±¦x,1
dÓ­,1
os2fÕ»,1
9m5m,1
7zpkwf,1
jzl,1
9jwy,1
ompyovh,1
yjlu,1
uÓ³,1
1wvis,1
0â‚™,1
6v8t,1
nwxpj,1
iÏ†,1
old,1
xa0oays,1
İšÜ¢s,1
5É‡mf,1
sqg×¢w,1
Ñ™,1
Ü”,1
tç‡„Ş¢,1
uyİš,1
9wt,1
rdfki,1
yvzyÃ¶j,1
wacki,1
a83,1
Ê³pß¥9×•,1
k5f3,1
td4,1
zrv,1
i4fhl,1
evf9,1
phr,1
imoĞ¸İ¨,1
ltx,1
pvig,1
Ñ³b,1
tl5,1
dlb,1
hnj4,1
xf6,1
oet,1
rfu,1
jwcg,1
vz5pln,1
lcgbf4vj,1
jqo,1
Ê®ÄÊŠ,1
aÔ‡r,1
È•,1
dmxh,1
Î·b,1
kiuo,1
3r2z,1
İuc,1
abduxd,1
sngks,1
csk1yv,1
È¯Ï²,1
5hzf3k,1
g5o,1
mÏŒ,1
wz33,1
lonz0,1
b8Ã¢3do,1
hväµ§h,1
zjt56,1
sâ±¥f6b3,1
7y_8,1
giymvrn,1
7vnsÏ«,1
è¢¶,1
ozs,1
qbt,1
m_pmv,1
mrcÙ½,1
efk,1
pvhlrw,1
lej6,1
Ş6z,1
È«Î´,1
ocÃ¥cu,1
mfk,2
qkb,1
2j12s,1
Ò£m,1
Î¼Ûˆ,1
qpq,1
jln,1
gvpmey,1
_h1j,1
t4nsqi,1
wi4jc,1
zä“¶,1
sc6,1
glÏ‹,1
Å‹dpÉ‚,1
Û´imlk,1
ysá½¼,1
xÓ†y,1
bzfÎ´,1
sfn,1
khÇ†,1
Ş”,1
_jznu,1
sb7,1
8ÃŸu5e,1
o_t,1
reg,1
wmgn,1
É™dsrta,1
1m,2
7hg1j,1
ni8c3y,1
Æšf,1
3vvd,1
É±lnmve,1
hui,1
6tå¤½,1
mkdox3,1
Å—r,1
lcl3,1
gre,1
å³¨9,1
dsi3,1
c2hk,1
5Ú”j,1
gcs,1
Êƒ42,1
gbwb,1
fspknn6o,1
iqt,1
ahp,1
jrrÈ5,1
afvy,1
zlu,1
3x2,1
gf0n,1
8ÓŒ,1
ackwc,1
Æ¾fÚ¬i,1
ox_,1
Ó£zÉ»,1
á¢‰fvqu,1
szjjm,1
Ç˜tan,1
mff2_,1
hkm,1
yf2È¼j,1
tÓ—3,1
Å£r,1
f3c,1
s2s,1
nÚot,1
vefe,1
awkanvv2m_t,1
jue,1
uyin,1
Øº7,1
ÇmzÇ¯vw,1
6tvd,1
5ayxsæ¦“,1
j8uoq,1
2ÛÈ,1
jad,1
fxjzÎµp,1
lin,1
tii,1
Ã¡ayâ’‰,1
Ø¾7,1
tgxlmhyØ¶,1
zdmtpmp8Ô«á’¶Â¾,1
3yom,1
kÕ¶f4,1
qÕ²,1
Ç¥2,1
bqm,1
wen,1
nsc24,1
Ã¨2,1
sj1w,1
w2e,1
2c2c2w,1
sfpa,1
6jcny,1
jvpup,1
z5Î²,1
cxj7id,1
iÄ“p,1
É´,1
Ğ°jsq2,1
qxps,1
jë‚¶,1
kkw4,1
keja,1
zjo,1
rzvq,1
kzĞµ,1
cÓµ,1
zny,1
q6bq,1
xiz,1
a36l,1
éµ€ßŠo,1
hiË‹f,1
ziÙ‡Õº,1
Ñ™i,1
äŒŒ4ku,1
bcq8s,1
dqxi,1
bcwÒ³,1
3pi,1
kÄ—6vÊ¥,1
phw35u9,1
9uk5l,1
gfl,1
Î¹g,1
by_jm,1
fael,1
yjby,1
h1w,1
aÑ¥xs,1
upua,1
rpk,1
6msa,1
ba6,1
ncp,1
jwc,1
sĞ´,1
zbvn,1
pnd,1
suva,1
ã›€Û‹,1
3ob,2
É1,1
m5g6_u,1
7116,1
xsuÑ¥mÒ“6mz84p,1
Ï€,1
tft,1
t13,1
tor,1
wwzkk8i,1
kyq,1
Ú˜t,1
İ»r,1
Êµ,1
dpÇ”oul,1
th0a,1
sg1Æ¡,1
y_,1
8Ü¢o,1
b7f,1
cfqs,1
7lxa8b,1
w3v,1
wÈp,1
6cé¿¾z,1
nÅu7,1
8wc,1
rba3d8,1
7É‡8z1z,1
apy,1
ç’¤9,1
Ø¢,1
sÈ‹,1
ÑÅˆ1,1
3rdcc,1
m3ÜÇ†8,1
qnn,1
poØ¯8,1
u5uise,1
nlv,1
Ñ¡t,1
8eguv,1
eh4z,1
dcÄzy0esbnk,1
flk,1
d7v,1
Ç«pbaÇ»0ç‘¨Ç’,1
Ã¸,1
6Ô•,1
zip,1
Äjos,1
1cn,1
Äµx,1
z6Äƒw,1
zÕ¦5,1
Ñ„c,1
5xg,1
mrd,1
b41,1
jİ”,1
pbz,1
gjwu,1
zxc,1
kÙ¢,1
ej_u5,1
jÛ„o,1
Ä‰zov,1
Ô…Øºll,1
hcd,1
ëŸœw,1
fÄ‰,1
hsy9vÑ•g,1
ê„ºh4z,1
uhocÛ„h,1
oxk,1
m62uy,1
sÒ¹,1
ik3,1
guÙ¿,1
Ã³2,1
wsÃ¦,1
5jc,1
pkfg,1
7gqjwq_Ê‹Ò§tx,1
inÆŒ,1
afÇ«l,1
gam,1
à½ª,1
ï´³,1
z7i,1
Å‘r,1
kec,1
k0lfh,1
Ñh,1
wzj7,1
ava,1
xeg1,1
4Ï,1
aqÑŒ,1
laÏ‰Ñ‘hpn,1
êºœ,1
sblbu,1
e7o,1
oy4,1
lps,1
3hvz2,1
31Ü¢,1
pgro,1
İ˜a,1
g7È‹4omtÑ©1,1
jjkw,1
Î¬x,1
Ó£3,1
k1Ï‘,1
Ê vtå”ªt,1
uÏ«,1
pwtmu9,1
teuyiu,1
tyu,1
wvufuÙ¤,1
ttyu,1
teÔ«lu,1
udus,1
Ş¥osxou,1
qnlu8,1
lct,1
Õ·w,1
Ñ­ly0,1
oÑ‚,1
abme,1
Í¼u,1
ë¾,1
_k82,1
ljdÆ¹u,1
6tu,1
Ã¶c1,1
ryk,1
2737,1
zef,1
kz9cxf,1
t7q,1
2_df,1
åŠ¸_,1
ibæ£œ,1
rlh,1
Ñˆa,1
_br,1
yogì˜µj,1
ixoz,1
Ş”t,1
Ïˆ2,1
ã’Ë¢x,1
n9q2,1
oh8f,1
bdaopf,1
æ“¹tfd,1
Ñƒ,1
oÕ½c,1
k5ff,1
uszĞ´,1
jpl,1
e0Äa,1
ã¿¸,1
oqw_e9t,1
ctwj,1
Ô‰c,1
svombfo,1
rvftŞ“3ÉŸv,1
fnd,1
isel,1
fyym,1
jÃ­,1
ixqi,1
erwow,1
kÓ±Í±Ê²,1
cÕª,1
1owqz,1
0gem,1
mÄ·,1
jÊ”,1
Ê‰qã§§yÓq,1
vÓ™,1
fw76díŒ˜,1
İ™q,1
7atqs6,1
bbsv,1
uni,1
gqh,1
8ccl,1
ibrh,1
qvl,1
xn1,1
oipÃ¶7z3yu,1
l3eu,1
iht,1
zaè¾b,1
8gh,1
6a,1
sppg,1
ê›«,1
esÃ¢p,1
hxe,1
ere,1
wgvx,1
Ê¶0,1
Õ¶y,1
vjio,1
cpprz,1
vov,1
64uÑ¿vrs,1
mik,1
zna,1
gÄ¼,1
bfd,1
qgx,1
ooatj,1
Ş‘kojki,1
9th,1
kojj,1
2qjfjurt,1
d1ß—tn,1
bÑ›,1
pho,1
Û€g,1
Õ§nnqy,1
ky5,1
7gl7etÏ¥,1
oÎ»_,1
bfhqclÓ¥arji,1
eho,1
ÇŒe,1
bleo,1
hÒ¹g,1
Ç˜×±bj,1
1Â²jn69Æ­t6,1
uw0kg,1
1mloo6q,1
9yrzÜš,1
×°ekk,1
xv_y3,1
mÉœ,1
nï¨šr,1
sÈ±gÎ´z,1
å¾ 5kw,1
İ©iliinkff,1
nlz,1
Ş‚b_j,1
33jb0,1
Æšee,1
İ»wuÛ“,1
jypyl,1
t9i,1
kuz,1
2Ü¨8,1
nv7,1
anqq,1
uz4,1
oo7yz,1
wtmq,1
Éœ,1
4qv,1
È¸g,1
Ñ“0,1
30z,1
lxq,1
éºš,1
oÃº,1
9Ò·,1
kx7,1
17ÇŸ,1
ioxi,1
dÊ®,1
yjmj4x,1
09h3,1
Æ’,1
hÙ®,1
Ã§d,1
Õ©s3d,1
yifp,1
gav,1
m2gtf,1
i6s5p,1
4hÑ€_,1
4hÑ€a,5
5hÑ€a,1
Ç–z,1
Ç§e,1
vÆ£,1
imageb,1
imagei,1
tpl1,1
tpl2,1
tpl3,1
tpl4,1
tpl5,1
tpl6,1
tpl7,1
tpl8,1
tpl9,1
tpl10,1
tpl11,1
tpl12,1
tpl13,1
tpl14,1
tpl15,1
tpl16,1
tpl17,1
tpl18,1
tpl19,1
tpl20,1
tpl21,1
tpl22,1
tpl23,1
tpl24,1
tpl25,1
182,2
producer,1
online2pdf,2
com,2
creator,1
creationdate,1
20150808101656,1
183,2
catalog,1
openaction,1
fith,1
null,1
pagelayout,1
onecolumn,1
xref,1
184,2
0000000000,1
65535,1
0000014995,1
00000,183
0000346603,1
0000000009,1
0000000173,1
0000000313,1
0000000477,1
0000000619,1
0000000783,1
0000000925,1
0000001090,1
0000001233,1
0000001399,1
0000001542,1
0000003775,1
0000003918,1
0000004084,1
0000004227,1
0000004393,1
0000004536,1
0000005484,1
0000005627,1
0000007603,1
0000007747,1
0000007913,1
0000008057,1
0000008223,1
0000008367,1
0000008533,1
0000008677,1
0000008843,1
0000008987,1
0000009153,1
0000009297,1
0000009463,1
0000009607,1
0000009773,1
0000009917,1
0000010083,1
0000010227,1
0000010658,1
0000010802,1
0000013301,1
0000013445,1
0000013611,1
0000013755,1
0000013921,1
0000014065,1
0000014231,1
0000014375,1
0000014541,1
0000014685,1
0000014851,1
0000015248,1
0000121265,1
0000121297,1
0000015903,1
0000121355,1
0000121387,1
0000018290,1
0000121458,1
0000121490,1
0000023557,1
0000121574,1
0000121606,1
0000028767,1
0000121690,1
0000121722,1
0000036415,1
0000121819,1
0000121851,1
0000041836,1
0000121922,1
0000121954,1
0000048097,1
0000122051,1
0000122083,1
0000053081,1
0000122154,1
0000122186,1
0000122219,1
0000057924,1
0000122290,1
0000122322,1
0000063815,1
0000122419,1
0000122451,1
0000066043,1
0000122522,1
0000122554,1
0000122616,1
0000067877,1
0000122687,1
0000122719,1
0000072835,1
0000122803,1
0000122835,1
0000076085,1
0000122906,1
0000122938,1
0000080870,1
0000123035,1
0000123068,1
0000082931,1
0000123140,1
0000123173,1
0000089415,1
0000123299,1
0000123332,1
0000095329,1
0000123430,1
0000123463,1
0000123498,1
0000099479,1
0000123570,1
0000123603,1
0000104510,1
0000123675,1
0000123708,1
0000106686,1
0000123780,1
0000123813,1
0000110919,1
0000123911,1
0000123944,1
0000116074,1
0000124070,1
0000124103,1
0000119453,1
0000124202,1
0000124235,1
0000124326,1
0000124398,1
0000124464,1
0000124767,1
0000125399,1
0000125878,1
0000126084,1
0000126250,1
0000126394,1
0000139453,1
0000145711,1
0000158039,1
0000171206,1
0000171354,1
0000171525,1
0000191524,1
0000191855,1
0000195851,1
0000201147,1
0000205772,1
0000211014,1
0000215392,1
0000215601,1
0000215885,1
0000216097,1
0000216385,1
0000216600,1
0000216890,1
0000217107,1
0000217344,1
0000217591,1
0000218052,1
0000218617,1
0000218907,1
0000219172,1
0000219424,1
0000219681,1
0000246765,1
0000277776,1
0000304630,1
0000322708,1
0000322982,1
0000323198,1
0000323270,1
0000323496,1
0000323568,1
0000323846,1
0000324415,1
0000324553,1
0000339300,1
0000339414,1
0000347048,1
0000347157,1
trailer,1
size,1
root,1
info,1
startxref,1
347262,1
eof,1
